-- phpMyAdmin SQL Dump
-- version 4.7.9
-- https://www.phpmyadmin.net/
--
-- Host: 127.0.0.1:3306
-- Generation Time: Jun 14, 2018 at 10:12 PM
-- Server version: 5.7.21
-- PHP Version: 5.6.35

SET SQL_MODE = "NO_AUTO_VALUE_ON_ZERO";
SET AUTOCOMMIT = 0;
START TRANSACTION;
SET time_zone = "+00:00";


/*!40101 SET @OLD_CHARACTER_SET_CLIENT=@@CHARACTER_SET_CLIENT */;
/*!40101 SET @OLD_CHARACTER_SET_RESULTS=@@CHARACTER_SET_RESULTS */;
/*!40101 SET @OLD_COLLATION_CONNECTION=@@COLLATION_CONNECTION */;
/*!40101 SET NAMES utf8mb4 */;

--
-- Database: `sportradar`
--

-- --------------------------------------------------------

--
-- Table structure for table `dartplayers`
--

DROP TABLE IF EXISTS `dartplayers`;
CREATE TABLE IF NOT EXISTS `dartplayers` (
  `id` int(11) NOT NULL AUTO_INCREMENT,
  `name` varchar(30) NOT NULL,
  `win` int(11) DEFAULT NULL,
  `lose` int(11) DEFAULT NULL,
  `average` int(11) DEFAULT NULL,
  `skilllevel` int(11) NOT NULL DEFAULT '1',
  PRIMARY KEY (`id`)
) ENGINE=InnoDB AUTO_INCREMENT=11 DEFAULT CHARSET=latin1;

--
-- Dumping data for table `dartplayers`
--

INSERT INTO `dartplayers` (`id`, `name`, `win`, `lose`, `average`, `skilllevel`) VALUES
(1, 'Onur', 0, 2, 14, 1),
(2, 'Mutlu', 2, 0, 19, 2),
(9, 'Cenk', 2, 0, 20, 3),
(10, 'Phil', 0, 2, 14, 1);

-- --------------------------------------------------------

--
-- Table structure for table `leg`
--

DROP TABLE IF EXISTS `leg`;
CREATE TABLE IF NOT EXISTS `leg` (
  `id` int(11) NOT NULL AUTO_INCREMENT,
  `firstplayerthrows` int(11) DEFAULT NULL,
  `secondplayerthrows` int(11) DEFAULT NULL,
  `firstplayeraverage` float DEFAULT NULL,
  `secondplayeraverage` float DEFAULT NULL,
  `outcome` int(11) DEFAULT NULL,
  PRIMARY KEY (`id`)
) ENGINE=InnoDB AUTO_INCREMENT=13 DEFAULT CHARSET=latin1;

--
-- Dumping data for table `leg`
--

INSERT INTO `leg` (`id`, `firstplayerthrows`, `secondplayerthrows`, `firstplayeraverage`, `secondplayeraverage`, `outcome`) VALUES
(1, 221, 190, 12, 20, 1),
(2, 60, 68, 18, 16, 2),
(3, 54, 45, 14, 17, 2),
(4, 200, 261, 14, 21, 9),
(5, 129, 106, 13, 21, 9),
(6, 291, 230, 14, 19, 9),
(7, 51, 53, 15, 17, 2),
(8, 74, 74, 13, 21, 2),
(9, 44, 37, 13, 17, 1),
(10, 235, 228, 15, 20, 9),
(11, 21, 24, 13, 20, 10),
(12, 248, 231, 14, 20, 9);

-- --------------------------------------------------------

--
-- Table structure for table `matches`
--

DROP TABLE IF EXISTS `matches`;
CREATE TABLE IF NOT EXISTS `matches` (
  `id` int(11) NOT NULL AUTO_INCREMENT,
  `firstplayer` int(11) NOT NULL,
  `secondplayer` int(11) NOT NULL,
  `firstleg` int(11) DEFAULT NULL,
  `secondleg` int(11) DEFAULT NULL,
  `thirdleg` int(11) DEFAULT NULL,
  `outcome` int(11) DEFAULT NULL,
  PRIMARY KEY (`id`),
  KEY `firstplayer` (`firstplayer`),
  KEY `secondplayer` (`secondplayer`),
  KEY `firstleg` (`firstleg`),
  KEY `secondleg` (`secondleg`),
  KEY `thirdleg` (`thirdleg`)
) ENGINE=InnoDB AUTO_INCREMENT=5 DEFAULT CHARSET=latin1;

--
-- Dumping data for table `matches`
--

INSERT INTO `matches` (`id`, `firstplayer`, `secondplayer`, `firstleg`, `secondleg`, `thirdleg`, `outcome`) VALUES
(1, 1, 2, 1, 2, 3, 2),
(2, 9, 10, 4, 5, 6, 9),
(3, 1, 2, 7, 8, 9, 2),
(4, 9, 10, 10, 11, 12, 9);

-- --------------------------------------------------------

--
-- Table structure for table `throw`
--

DROP TABLE IF EXISTS `throw`;
CREATE TABLE IF NOT EXISTS `throw` (
  `id` int(11) NOT NULL AUTO_INCREMENT,
  `legid` int(11) NOT NULL,
  `playerid` int(11) NOT NULL,
  `matchid` int(11) NOT NULL,
  `score` int(11) NOT NULL,
  PRIMARY KEY (`id`),
  KEY `legid` (`legid`),
  KEY `matchid` (`matchid`),
  KEY `playerid` (`playerid`)
) ENGINE=InnoDB AUTO_INCREMENT=3176 DEFAULT CHARSET=latin1;

--
-- Dumping data for table `throw`
--

INSERT INTO `throw` (`id`, `legid`, `playerid`, `matchid`, `score`) VALUES
(1, 1, 1, 1, 8),
(2, 1, 1, 1, 6),
(3, 1, 1, 1, 12),
(4, 1, 2, 1, 36),
(5, 1, 2, 1, 39),
(6, 1, 2, 1, 8),
(7, 1, 1, 1, 10),
(8, 1, 1, 1, 6),
(9, 1, 1, 1, 38),
(10, 1, 2, 1, 32),
(11, 1, 2, 1, 5),
(12, 1, 2, 1, 12),
(13, 1, 1, 1, 14),
(14, 1, 1, 1, 45),
(15, 1, 1, 1, 10),
(16, 1, 2, 1, 33),
(17, 1, 2, 1, 12),
(18, 1, 2, 1, 30),
(19, 1, 1, 1, 15),
(20, 1, 1, 1, 10),
(21, 1, 1, 1, 30),
(22, 1, 2, 1, 14),
(23, 1, 2, 1, 12),
(24, 1, 2, 1, 17),
(25, 1, 1, 1, 2),
(26, 1, 1, 1, 51),
(27, 1, 1, 1, 15),
(28, 1, 2, 1, 30),
(29, 1, 2, 1, 3),
(30, 1, 2, 1, 12),
(31, 1, 1, 1, 12),
(32, 1, 1, 1, 13),
(33, 1, 1, 1, 5),
(34, 1, 2, 1, 8),
(35, 1, 2, 1, 28),
(36, 1, 2, 1, 16),
(37, 1, 1, 1, 7),
(38, 1, 1, 1, 20),
(39, 1, 1, 1, 8),
(40, 1, 2, 1, 6),
(41, 1, 2, 1, 3),
(42, 1, 2, 1, 38),
(43, 1, 1, 1, 9),
(44, 1, 1, 1, 10),
(45, 1, 1, 1, 6),
(46, 1, 2, 1, 48),
(47, 1, 2, 1, 57),
(48, 1, 2, 1, 45),
(49, 1, 1, 1, 12),
(50, 1, 1, 1, 4),
(51, 1, 1, 1, 11),
(52, 1, 2, 1, 45),
(53, 1, 2, 1, 54),
(54, 1, 2, 1, 19),
(55, 1, 1, 1, 18),
(56, 1, 1, 1, 14),
(57, 1, 1, 1, 11),
(58, 1, 2, 1, 14),
(59, 1, 2, 1, 12),
(60, 1, 2, 1, 51),
(61, 1, 1, 1, 8),
(62, 1, 1, 1, 7),
(63, 1, 1, 1, 12),
(64, 1, 2, 1, 39),
(65, 1, 1, 1, 9),
(66, 1, 1, 1, 12),
(67, 1, 1, 1, 40),
(68, 1, 2, 1, 14),
(69, 1, 2, 1, 12),
(70, 1, 2, 1, 15),
(71, 1, 1, 1, 10),
(72, 1, 1, 1, 19),
(73, 1, 1, 1, 12),
(74, 1, 2, 1, 15),
(75, 1, 2, 1, 12),
(76, 1, 2, 1, 20),
(77, 1, 1, 1, 2),
(78, 1, 1, 1, 3),
(79, 1, 1, 1, 8),
(80, 1, 2, 1, 54),
(81, 1, 1, 1, 9),
(82, 1, 1, 1, 3),
(83, 1, 1, 1, 18),
(84, 1, 2, 1, 42),
(85, 1, 1, 1, 9),
(86, 1, 1, 1, 14),
(87, 1, 1, 1, 17),
(88, 1, 2, 1, 33),
(89, 1, 1, 1, 14),
(90, 1, 1, 1, 8),
(91, 1, 1, 1, 17),
(92, 1, 2, 1, 9),
(93, 1, 2, 1, 28),
(94, 1, 1, 1, 12),
(95, 1, 1, 1, 6),
(96, 1, 1, 1, 32),
(97, 1, 2, 1, 17),
(98, 1, 2, 1, 7),
(99, 1, 2, 1, 10),
(100, 1, 1, 1, 7),
(101, 1, 1, 1, 4),
(102, 1, 1, 1, 8),
(103, 1, 2, 1, 57),
(104, 1, 1, 1, 12),
(105, 1, 2, 1, 57),
(106, 1, 1, 1, 34),
(107, 1, 2, 1, 20),
(108, 1, 2, 1, 13),
(109, 1, 1, 1, 16),
(110, 1, 2, 1, 16),
(111, 1, 2, 1, 2),
(112, 1, 2, 1, 3),
(113, 1, 1, 1, 15),
(114, 1, 2, 1, 30),
(115, 1, 1, 1, 3),
(116, 1, 1, 1, 34),
(117, 1, 2, 1, 42),
(118, 1, 1, 1, 17),
(119, 1, 2, 1, 19),
(120, 1, 1, 1, 48),
(121, 1, 2, 1, 6),
(122, 1, 2, 1, 34),
(123, 1, 1, 1, 6),
(124, 1, 1, 1, 3),
(125, 1, 2, 1, 12),
(126, 1, 1, 1, 10),
(127, 1, 2, 1, 42),
(128, 1, 1, 1, 15),
(129, 1, 2, 1, 54),
(130, 1, 1, 1, 4),
(131, 1, 1, 1, 1),
(132, 1, 1, 1, 6),
(133, 1, 2, 1, 18),
(134, 1, 1, 1, 19),
(135, 1, 2, 1, 12),
(136, 1, 1, 1, 9),
(137, 1, 2, 1, 28),
(138, 1, 1, 1, 3),
(139, 1, 1, 1, 6),
(140, 1, 2, 1, 42),
(141, 1, 1, 1, 5),
(142, 1, 1, 1, 8),
(143, 1, 2, 1, 36),
(144, 1, 1, 1, 10),
(145, 1, 2, 1, 6),
(146, 1, 2, 1, 40),
(147, 1, 1, 1, 20),
(148, 1, 2, 1, 12),
(149, 1, 1, 1, 16),
(150, 1, 2, 1, 60),
(151, 1, 1, 1, 7),
(152, 1, 1, 1, 15),
(153, 1, 2, 1, 11),
(154, 1, 1, 1, 20),
(155, 1, 2, 1, 12),
(156, 1, 1, 1, 19),
(157, 1, 2, 1, 34),
(158, 1, 1, 1, 14),
(159, 1, 2, 1, 60),
(160, 1, 1, 1, 20),
(161, 1, 2, 1, 51),
(162, 1, 1, 1, 21),
(163, 1, 2, 1, 18),
(164, 1, 1, 1, 3),
(165, 1, 1, 1, 8),
(166, 1, 2, 1, 10),
(167, 1, 1, 1, 1),
(168, 1, 1, 1, 20),
(169, 1, 2, 1, 10),
(170, 1, 1, 1, 54),
(171, 1, 2, 1, 10),
(172, 1, 1, 1, 1),
(173, 1, 1, 1, 8),
(174, 1, 2, 1, 16),
(175, 1, 1, 1, 8),
(176, 1, 1, 1, 2),
(177, 1, 2, 1, 6),
(178, 1, 2, 1, 60),
(179, 1, 1, 1, 18),
(180, 1, 2, 1, 27),
(181, 1, 1, 1, 4),
(182, 1, 1, 1, 14),
(183, 1, 2, 1, 10),
(184, 1, 1, 1, 12),
(185, 1, 2, 1, 12),
(186, 1, 1, 1, 20),
(187, 1, 2, 1, 10),
(188, 1, 1, 1, 4),
(189, 1, 1, 1, 7),
(190, 1, 2, 1, 28),
(191, 1, 1, 1, 18),
(192, 1, 2, 1, 14),
(193, 1, 1, 1, 54),
(194, 1, 2, 1, 2),
(195, 1, 2, 1, 11),
(196, 1, 1, 1, 11),
(197, 1, 2, 1, 17),
(198, 1, 1, 1, 12),
(199, 1, 2, 1, 10),
(200, 1, 1, 1, 18),
(201, 1, 2, 1, 7),
(202, 1, 2, 1, 8),
(203, 1, 1, 1, 9),
(204, 1, 2, 1, 57),
(205, 1, 1, 1, 14),
(206, 1, 2, 1, 2),
(207, 1, 2, 1, 15),
(208, 1, 1, 1, 7),
(209, 1, 1, 1, 7),
(210, 1, 2, 1, 8),
(211, 1, 1, 1, 12),
(212, 1, 2, 1, 34),
(213, 1, 1, 1, 5),
(214, 1, 1, 1, 20),
(215, 1, 2, 1, 10),
(216, 1, 1, 1, 2),
(217, 1, 1, 1, 12),
(218, 1, 2, 1, 34),
(219, 1, 1, 1, 9),
(220, 1, 2, 1, 17),
(221, 1, 1, 1, 22),
(222, 1, 2, 1, 4),
(223, 1, 2, 1, 9),
(224, 1, 1, 1, 6),
(225, 1, 1, 1, 2),
(226, 1, 1, 1, 17),
(227, 1, 2, 1, 19),
(228, 1, 1, 1, 24),
(229, 1, 2, 1, 16),
(230, 1, 1, 1, 1),
(231, 1, 1, 1, 14),
(232, 1, 2, 1, 5),
(233, 1, 2, 1, 18),
(234, 1, 1, 1, 13),
(235, 1, 2, 1, 6),
(236, 1, 2, 1, 11),
(237, 1, 1, 1, 18),
(238, 1, 2, 1, 60),
(239, 1, 1, 1, 15),
(240, 1, 2, 1, 20),
(241, 1, 1, 1, 12),
(242, 1, 2, 1, 36),
(243, 1, 1, 1, 14),
(244, 1, 2, 1, 22),
(245, 1, 1, 1, 14),
(246, 1, 2, 1, 20),
(247, 1, 1, 1, 19),
(248, 1, 2, 1, 19),
(249, 1, 1, 1, 5),
(250, 1, 1, 1, 2),
(251, 1, 1, 1, 6),
(252, 1, 2, 1, 18),
(253, 1, 1, 1, 2),
(254, 1, 1, 1, 17),
(255, 1, 2, 1, 8),
(256, 1, 1, 1, 3),
(257, 1, 1, 1, 36),
(258, 1, 2, 1, 2),
(259, 1, 2, 1, 12),
(260, 1, 1, 1, 19),
(261, 1, 2, 1, 4),
(262, 1, 2, 1, 12),
(263, 1, 1, 1, 18),
(264, 1, 2, 1, 14),
(265, 1, 1, 1, 4),
(266, 1, 1, 1, 10),
(267, 1, 2, 1, 30),
(268, 1, 1, 1, 8),
(269, 1, 1, 1, 16),
(270, 1, 2, 1, 9),
(271, 1, 1, 1, 4),
(272, 1, 1, 1, 2),
(273, 1, 1, 1, 18),
(274, 1, 2, 1, 27),
(275, 1, 1, 1, 22),
(276, 1, 2, 1, 17),
(277, 1, 1, 1, 2),
(278, 1, 1, 1, 2),
(279, 1, 1, 1, 18),
(280, 1, 2, 1, 9),
(281, 1, 1, 1, 18),
(282, 1, 2, 1, 40),
(283, 1, 1, 1, 11),
(284, 1, 2, 1, 1),
(285, 1, 2, 1, 12),
(286, 1, 1, 1, 15),
(287, 1, 2, 1, 16),
(288, 1, 1, 1, 1),
(289, 1, 1, 1, 7),
(290, 1, 1, 1, 16),
(291, 1, 2, 1, 18),
(292, 1, 1, 1, 20),
(293, 1, 2, 1, 5),
(294, 1, 2, 1, 24),
(295, 1, 1, 1, 27),
(296, 1, 2, 1, 2),
(297, 1, 2, 1, 2),
(298, 1, 2, 1, 4),
(299, 1, 1, 1, 26),
(300, 1, 2, 1, 20),
(301, 1, 1, 1, 14),
(302, 1, 2, 1, 3),
(303, 1, 2, 1, 14),
(304, 1, 1, 1, 1),
(305, 1, 1, 1, 8),
(306, 1, 2, 1, 7),
(307, 1, 2, 1, 6),
(308, 1, 1, 1, 1),
(309, 1, 1, 1, 13),
(310, 1, 2, 1, 34),
(311, 1, 1, 1, 2),
(312, 1, 1, 1, 15),
(313, 1, 2, 1, 13),
(314, 1, 1, 1, 13),
(315, 1, 2, 1, 5),
(316, 1, 2, 1, 4),
(317, 1, 1, 1, 12),
(318, 1, 2, 1, 18),
(319, 1, 1, 1, 7),
(320, 1, 1, 1, 22),
(321, 1, 2, 1, 40),
(322, 1, 1, 1, 1),
(323, 1, 1, 1, 28),
(324, 1, 2, 1, 5),
(325, 1, 2, 1, 19),
(326, 1, 1, 1, 6),
(327, 1, 1, 1, 7),
(328, 1, 2, 1, 10),
(329, 1, 1, 1, 19),
(330, 1, 2, 1, 22),
(331, 1, 1, 1, 28),
(332, 1, 2, 1, 26),
(333, 1, 1, 1, 6),
(334, 1, 1, 1, 1),
(335, 1, 1, 1, 26),
(336, 1, 2, 1, 14),
(337, 1, 1, 1, 10),
(338, 1, 2, 1, 19),
(339, 1, 1, 1, 10),
(340, 1, 2, 1, 6),
(341, 1, 2, 1, 20),
(342, 1, 1, 1, 11),
(343, 1, 2, 1, 20),
(344, 1, 1, 1, 14),
(345, 1, 2, 1, 9),
(346, 1, 1, 1, 18),
(347, 1, 2, 1, 54),
(348, 1, 1, 1, 4),
(349, 1, 1, 1, 3),
(350, 1, 1, 1, 2),
(351, 1, 2, 1, 30),
(352, 1, 1, 1, 6),
(353, 1, 1, 1, 15),
(354, 1, 2, 1, 15),
(355, 1, 1, 1, 17),
(356, 1, 2, 1, 42),
(357, 1, 1, 1, 11),
(358, 1, 2, 1, 7),
(359, 1, 2, 1, 9),
(360, 1, 1, 1, 24),
(361, 1, 2, 1, 20),
(362, 1, 1, 1, 22),
(363, 1, 2, 1, 12),
(364, 1, 1, 1, 10),
(365, 1, 2, 1, 20),
(366, 1, 1, 1, 39),
(367, 1, 2, 1, 11),
(368, 1, 1, 1, 14),
(369, 1, 2, 1, 9),
(370, 1, 1, 1, 6),
(371, 1, 1, 1, 13),
(372, 1, 2, 1, 19),
(373, 1, 1, 1, 4),
(374, 1, 1, 1, 16),
(375, 1, 2, 1, 3),
(376, 1, 2, 1, 60),
(377, 1, 1, 1, 8),
(378, 1, 1, 1, 8),
(379, 1, 2, 1, 8),
(380, 1, 1, 1, 12),
(381, 1, 2, 1, 24),
(382, 1, 1, 1, 13),
(383, 1, 2, 1, 40),
(384, 1, 1, 1, 3),
(385, 1, 1, 1, 12),
(386, 1, 2, 1, 4),
(387, 1, 2, 1, 2),
(388, 1, 2, 1, 14),
(389, 1, 1, 1, 4),
(390, 1, 1, 1, 11),
(391, 1, 2, 1, 60),
(392, 1, 1, 1, 18),
(393, 1, 2, 1, 34),
(394, 1, 1, 1, 12),
(395, 1, 2, 1, 2),
(396, 1, 2, 1, 45),
(397, 1, 1, 1, 8),
(398, 1, 1, 1, 13),
(399, 1, 2, 1, 32),
(400, 1, 1, 1, 15),
(401, 1, 2, 1, 22),
(402, 1, 1, 1, 2),
(403, 1, 1, 1, 38),
(404, 1, 2, 1, 3),
(405, 1, 2, 1, 15),
(406, 1, 1, 1, 16),
(407, 1, 2, 1, 13),
(408, 1, 1, 1, 38),
(409, 1, 2, 1, 6),
(410, 1, 2, 1, 18),
(411, 1, 1, 1, 10),
(412, 2, 1, 1, 20),
(413, 2, 1, 1, 24),
(414, 2, 1, 1, 16),
(415, 2, 2, 1, 4),
(416, 2, 2, 1, 9),
(417, 2, 2, 1, 4),
(418, 2, 1, 1, 7),
(419, 2, 1, 1, 5),
(420, 2, 1, 1, 14),
(421, 2, 2, 1, 45),
(422, 2, 2, 1, 8),
(423, 2, 2, 1, 17),
(424, 2, 1, 1, 20),
(425, 2, 1, 1, 13),
(426, 2, 1, 1, 57),
(427, 2, 2, 1, 6),
(428, 2, 2, 1, 6),
(429, 2, 2, 1, 30),
(430, 2, 1, 1, 3),
(431, 2, 1, 1, 51),
(432, 2, 1, 1, 11),
(433, 2, 2, 1, 12),
(434, 2, 2, 1, 18),
(435, 2, 2, 1, 4),
(436, 2, 1, 1, 16),
(437, 2, 1, 1, 6),
(438, 2, 1, 1, 20),
(439, 2, 2, 1, 9),
(440, 2, 2, 1, 20),
(441, 2, 2, 1, 19),
(442, 2, 1, 1, 34),
(443, 2, 1, 1, 38),
(444, 2, 1, 1, 9),
(445, 2, 2, 1, 51),
(446, 2, 2, 1, 7),
(447, 2, 2, 1, 13),
(448, 2, 1, 1, 20),
(449, 2, 1, 1, 20),
(450, 2, 1, 1, 11),
(451, 2, 2, 1, 14),
(452, 2, 2, 1, 15),
(453, 2, 2, 1, 20),
(454, 2, 1, 1, 10),
(455, 2, 1, 1, 14),
(456, 2, 1, 1, 10),
(457, 2, 2, 1, 2),
(458, 2, 2, 1, 4),
(459, 2, 2, 1, 8),
(460, 2, 1, 1, 3),
(461, 2, 1, 1, 51),
(462, 2, 2, 1, 8),
(463, 2, 2, 1, 3),
(464, 2, 2, 1, 18),
(465, 2, 1, 1, 4),
(466, 2, 1, 1, 7),
(467, 2, 1, 1, 32),
(468, 2, 2, 1, 14),
(469, 2, 2, 1, 7),
(470, 2, 2, 1, 18),
(471, 2, 1, 1, 3),
(472, 2, 1, 1, 54),
(473, 2, 2, 1, 19),
(474, 2, 2, 1, 16),
(475, 2, 2, 1, 42),
(476, 2, 1, 1, 10),
(477, 2, 2, 1, 8),
(478, 2, 2, 1, 8),
(479, 2, 1, 1, 10),
(480, 2, 2, 1, 14),
(481, 2, 1, 1, 3),
(482, 2, 1, 1, 9),
(483, 2, 2, 1, 12),
(484, 2, 1, 1, 13),
(485, 2, 2, 1, 32),
(486, 2, 1, 1, 40),
(487, 2, 2, 1, 21),
(488, 2, 1, 1, 27),
(489, 2, 2, 1, 32),
(490, 2, 1, 1, 14),
(491, 2, 2, 1, 5),
(492, 2, 2, 1, 13),
(493, 2, 1, 1, 16),
(494, 2, 2, 1, 28),
(495, 2, 1, 1, 17),
(496, 2, 2, 1, 15),
(497, 2, 1, 1, 17),
(498, 2, 2, 1, 4),
(499, 2, 2, 1, 20),
(500, 2, 1, 1, 14),
(501, 2, 2, 1, 6),
(502, 2, 2, 1, 22),
(503, 2, 1, 1, 9),
(504, 2, 2, 1, 20),
(505, 2, 1, 1, 17),
(506, 2, 2, 1, 9),
(507, 2, 2, 1, 14),
(508, 2, 1, 1, 15),
(509, 2, 2, 1, 16),
(510, 2, 1, 1, 13),
(511, 2, 2, 1, 45),
(512, 2, 1, 1, 6),
(513, 2, 1, 1, 10),
(514, 2, 2, 1, 34),
(515, 2, 1, 1, 20),
(516, 2, 2, 1, 2),
(517, 2, 2, 1, 34),
(518, 2, 1, 1, 2),
(519, 2, 1, 1, 8),
(520, 2, 2, 1, 6),
(521, 2, 2, 1, 3),
(522, 2, 2, 1, 6),
(523, 2, 1, 1, 8),
(524, 2, 2, 1, 12),
(525, 2, 1, 1, 60),
(526, 2, 2, 1, 20),
(527, 2, 1, 1, 57),
(528, 2, 2, 1, 40),
(529, 2, 1, 1, 18),
(530, 2, 2, 1, 16),
(531, 2, 1, 1, 13),
(532, 2, 2, 1, 40),
(533, 2, 1, 1, 24),
(534, 2, 2, 1, 7),
(535, 2, 2, 1, 26),
(536, 2, 1, 1, 6),
(537, 2, 1, 1, 15),
(538, 2, 2, 1, 3),
(539, 2, 2, 1, 8),
(540, 3, 1, 1, 34),
(541, 3, 1, 1, 18),
(542, 3, 1, 1, 9),
(543, 3, 2, 1, 17),
(544, 3, 2, 1, 10),
(545, 3, 2, 1, 27),
(546, 3, 1, 1, 5),
(547, 3, 1, 1, 30),
(548, 3, 1, 1, 12),
(549, 3, 2, 1, 2),
(550, 3, 2, 1, 17),
(551, 3, 2, 1, 8),
(552, 3, 1, 1, 10),
(553, 3, 1, 1, 3),
(554, 3, 1, 1, 3),
(555, 3, 2, 1, 38),
(556, 3, 2, 1, 18),
(557, 3, 2, 1, 11),
(558, 3, 1, 1, 22),
(559, 3, 1, 1, 38),
(560, 3, 1, 1, 1),
(561, 3, 2, 1, 32),
(562, 3, 2, 1, 12),
(563, 3, 2, 1, 7),
(564, 3, 1, 1, 8),
(565, 3, 1, 1, 10),
(566, 3, 1, 1, 7),
(567, 3, 2, 1, 16),
(568, 3, 2, 1, 9),
(569, 3, 2, 1, 42),
(570, 3, 1, 1, 18),
(571, 3, 1, 1, 6),
(572, 3, 1, 1, 11),
(573, 3, 2, 1, 18),
(574, 3, 2, 1, 10),
(575, 3, 2, 1, 45),
(576, 3, 1, 1, 45),
(577, 3, 1, 1, 16),
(578, 3, 1, 1, 28),
(579, 3, 2, 1, 17),
(580, 3, 2, 1, 1),
(581, 3, 2, 1, 19),
(582, 3, 1, 1, 19),
(583, 3, 1, 1, 14),
(584, 3, 1, 1, 2),
(585, 3, 2, 1, 39),
(586, 3, 2, 1, 15),
(587, 3, 2, 1, 4),
(588, 3, 1, 1, 3),
(589, 3, 1, 1, 2),
(590, 3, 1, 1, 15),
(591, 3, 2, 1, 54),
(592, 3, 2, 1, 14),
(593, 3, 1, 1, 17),
(594, 3, 1, 1, 39),
(595, 3, 1, 1, 4),
(596, 3, 2, 1, 57),
(597, 3, 2, 1, 12),
(598, 3, 1, 1, 4),
(599, 3, 1, 1, 6),
(600, 3, 1, 1, 17),
(601, 3, 2, 1, 5),
(602, 3, 2, 1, 1),
(603, 3, 2, 1, 10),
(604, 3, 1, 1, 2),
(605, 3, 1, 1, 15),
(606, 3, 1, 1, 18),
(607, 3, 2, 1, 60),
(608, 3, 1, 1, 11),
(609, 3, 1, 1, 9),
(610, 3, 1, 1, 18),
(611, 3, 2, 1, 9),
(612, 3, 2, 1, 1),
(613, 3, 2, 1, 6),
(614, 3, 1, 1, 4),
(615, 3, 1, 1, 19),
(616, 3, 1, 1, 36),
(617, 3, 2, 1, 40),
(618, 3, 1, 1, 18),
(619, 3, 1, 1, 16),
(620, 3, 2, 1, 15),
(621, 3, 2, 1, 3),
(622, 3, 2, 1, 30),
(623, 3, 1, 1, 13),
(624, 3, 1, 1, 28),
(625, 3, 2, 1, 3),
(626, 3, 2, 1, 10),
(627, 3, 2, 1, 20),
(628, 3, 1, 1, 19),
(629, 3, 1, 1, 10),
(630, 3, 2, 1, 14),
(631, 3, 1, 1, 14),
(632, 3, 1, 1, 7),
(633, 3, 1, 1, 6),
(634, 3, 2, 1, 8),
(635, 3, 1, 1, 7),
(636, 3, 1, 1, 2),
(637, 3, 1, 1, 8),
(638, 3, 2, 1, 2),
(639, 4, 9, 2, 20),
(640, 4, 9, 2, 9),
(641, 4, 9, 2, 17),
(642, 4, 10, 2, 6),
(643, 4, 10, 2, 6),
(644, 4, 10, 2, 38),
(645, 4, 9, 2, 28),
(646, 4, 9, 2, 34),
(647, 4, 9, 2, 19),
(648, 4, 10, 2, 30),
(649, 4, 10, 2, 12),
(650, 4, 10, 2, 40),
(651, 4, 9, 2, 27),
(652, 4, 9, 2, 38),
(653, 4, 9, 2, 20),
(654, 4, 10, 2, 18),
(655, 4, 10, 2, 27),
(656, 4, 10, 2, 30),
(657, 4, 9, 2, 21),
(658, 4, 9, 2, 11),
(659, 4, 9, 2, 10),
(660, 4, 10, 2, 16),
(661, 4, 10, 2, 13),
(662, 4, 10, 2, 11),
(663, 4, 9, 2, 2),
(664, 4, 9, 2, 30),
(665, 4, 9, 2, 30),
(666, 4, 10, 2, 14),
(667, 4, 10, 2, 34),
(668, 4, 10, 2, 10),
(669, 4, 9, 2, 6),
(670, 4, 9, 2, 32),
(671, 4, 9, 2, 2),
(672, 4, 10, 2, 6),
(673, 4, 10, 2, 10),
(674, 4, 10, 2, 1),
(675, 4, 9, 2, 40),
(676, 4, 9, 2, 54),
(677, 4, 9, 2, 36),
(678, 4, 10, 2, 8),
(679, 4, 10, 2, 12),
(680, 4, 10, 2, 36),
(681, 4, 9, 2, 14),
(682, 4, 10, 2, 18),
(683, 4, 10, 2, 19),
(684, 4, 10, 2, 4),
(685, 4, 9, 2, 48),
(686, 4, 10, 2, 3),
(687, 4, 10, 2, 18),
(688, 4, 10, 2, 2),
(689, 4, 9, 2, 36),
(690, 4, 10, 2, 16),
(691, 4, 10, 2, 14),
(692, 4, 10, 2, 11),
(693, 4, 9, 2, 11),
(694, 4, 9, 2, 32),
(695, 4, 10, 2, 20),
(696, 4, 9, 2, 32),
(697, 4, 10, 2, 8),
(698, 4, 10, 2, 6),
(699, 4, 10, 2, 2),
(700, 4, 9, 2, 30),
(701, 4, 10, 2, 14),
(702, 4, 9, 2, 20),
(703, 4, 10, 2, 2),
(704, 4, 9, 2, 27),
(705, 4, 10, 2, 1),
(706, 4, 9, 2, 11),
(707, 4, 9, 2, 10),
(708, 4, 10, 2, 6),
(709, 4, 9, 2, 8),
(710, 4, 9, 2, 8),
(711, 4, 10, 2, 3),
(712, 4, 9, 2, 36),
(713, 4, 10, 2, 30),
(714, 4, 9, 2, 4),
(715, 4, 9, 2, 39),
(716, 4, 10, 2, 6),
(717, 4, 9, 2, 13),
(718, 4, 9, 2, 48),
(719, 4, 10, 2, 18),
(720, 4, 9, 2, 4),
(721, 4, 9, 2, 12),
(722, 4, 10, 2, 5),
(723, 4, 9, 2, 14),
(724, 4, 10, 2, 4),
(725, 4, 9, 2, 8),
(726, 4, 9, 2, 30),
(727, 4, 10, 2, 10),
(728, 4, 9, 2, 22),
(729, 4, 10, 2, 16),
(730, 4, 9, 2, 38),
(731, 4, 10, 2, 18),
(732, 4, 9, 2, 36),
(733, 4, 10, 2, 8),
(734, 4, 9, 2, 14),
(735, 4, 10, 2, 4),
(736, 4, 9, 2, 6),
(737, 4, 9, 2, 1),
(738, 4, 9, 2, 18),
(739, 4, 10, 2, 12),
(740, 4, 9, 2, 3),
(741, 4, 9, 2, 16),
(742, 4, 10, 2, 4),
(743, 4, 9, 2, 6),
(744, 4, 9, 2, 24),
(745, 4, 10, 2, 12),
(746, 4, 9, 2, 39),
(747, 4, 10, 2, 20),
(748, 4, 9, 2, 18),
(749, 4, 10, 2, 18),
(750, 4, 9, 2, 34),
(751, 4, 10, 2, 15),
(752, 4, 9, 2, 12),
(753, 4, 9, 2, 21),
(754, 4, 10, 2, 20),
(755, 4, 9, 2, 19),
(756, 4, 10, 2, 8),
(757, 4, 9, 2, 30),
(758, 4, 10, 2, 4),
(759, 4, 9, 2, 60),
(760, 4, 10, 2, 5),
(761, 4, 9, 2, 6),
(762, 4, 9, 2, 33),
(763, 4, 10, 2, 38),
(764, 4, 9, 2, 30),
(765, 4, 10, 2, 4),
(766, 4, 9, 2, 18),
(767, 4, 10, 2, 16),
(768, 4, 9, 2, 45),
(769, 4, 10, 2, 38),
(770, 4, 9, 2, 14),
(771, 4, 10, 2, 2),
(772, 4, 9, 2, 48),
(773, 4, 10, 2, 14),
(774, 4, 9, 2, 24),
(775, 4, 10, 2, 4),
(776, 4, 9, 2, 48),
(777, 4, 10, 2, 19),
(778, 4, 9, 2, 36),
(779, 4, 10, 2, 4),
(780, 4, 9, 2, 28),
(781, 4, 10, 2, 24),
(782, 4, 9, 2, 6),
(783, 4, 9, 2, 10),
(784, 4, 10, 2, 12),
(785, 4, 9, 2, 39),
(786, 4, 10, 2, 8),
(787, 4, 9, 2, 12),
(788, 4, 9, 2, 2),
(789, 4, 10, 2, 13),
(790, 4, 9, 2, 14),
(791, 4, 10, 2, 9),
(792, 4, 9, 2, 18),
(793, 4, 10, 2, 13),
(794, 4, 9, 2, 20),
(795, 4, 10, 2, 6),
(796, 4, 9, 2, 2),
(797, 4, 9, 2, 5),
(798, 4, 9, 2, 30),
(799, 4, 10, 2, 8),
(800, 4, 9, 2, 6),
(801, 4, 9, 2, 14),
(802, 4, 10, 2, 28),
(803, 4, 9, 2, 6),
(804, 4, 9, 2, 39),
(805, 4, 10, 2, 15),
(806, 4, 9, 2, 4),
(807, 4, 9, 2, 8),
(808, 4, 9, 2, 28),
(809, 4, 10, 2, 10),
(810, 4, 9, 2, 54),
(811, 4, 10, 2, 1),
(812, 4, 9, 2, 14),
(813, 4, 10, 2, 11),
(814, 4, 9, 2, 14),
(815, 4, 10, 2, 11),
(816, 4, 9, 2, 12),
(817, 4, 9, 2, 26),
(818, 4, 10, 2, 38),
(819, 4, 9, 2, 15),
(820, 4, 10, 2, 19),
(821, 4, 9, 2, 6),
(822, 4, 9, 2, 54),
(823, 4, 10, 2, 18),
(824, 4, 9, 2, 2),
(825, 4, 9, 2, 60),
(826, 4, 10, 2, 11),
(827, 4, 9, 2, 4),
(828, 4, 9, 2, 18),
(829, 4, 10, 2, 24),
(830, 4, 9, 2, 12),
(831, 4, 9, 2, 2),
(832, 4, 10, 2, 15),
(833, 4, 9, 2, 10),
(834, 4, 9, 2, 34),
(835, 4, 10, 2, 20),
(836, 4, 9, 2, 8),
(837, 4, 9, 2, 18),
(838, 4, 10, 2, 28),
(839, 4, 9, 2, 26),
(840, 4, 10, 2, 51),
(841, 4, 9, 2, 40),
(842, 4, 10, 2, 18),
(843, 4, 9, 2, 6),
(844, 4, 9, 2, 28),
(845, 4, 10, 2, 10),
(846, 4, 9, 2, 2),
(847, 4, 9, 2, 42),
(848, 4, 10, 2, 28),
(849, 4, 9, 2, 17),
(850, 4, 10, 2, 20),
(851, 4, 9, 2, 26),
(852, 4, 10, 2, 12),
(853, 4, 9, 2, 7),
(854, 4, 9, 2, 12),
(855, 4, 10, 2, 20),
(856, 4, 9, 2, 24),
(857, 4, 10, 2, 16),
(858, 4, 9, 2, 7),
(859, 4, 9, 2, 33),
(860, 4, 10, 2, 3),
(861, 4, 9, 2, 45),
(862, 4, 10, 2, 17),
(863, 4, 9, 2, 4),
(864, 4, 9, 2, 42),
(865, 4, 10, 2, 9),
(866, 4, 9, 2, 13),
(867, 4, 9, 2, 36),
(868, 4, 10, 2, 18),
(869, 4, 9, 2, 14),
(870, 4, 10, 2, 15),
(871, 4, 9, 2, 4),
(872, 4, 9, 2, 14),
(873, 4, 10, 2, 20),
(874, 4, 9, 2, 14),
(875, 4, 10, 2, 19),
(876, 4, 9, 2, 26),
(877, 4, 10, 2, 16),
(878, 4, 9, 2, 15),
(879, 4, 10, 2, 17),
(880, 4, 9, 2, 18),
(881, 4, 10, 2, 4),
(882, 4, 9, 2, 15),
(883, 4, 10, 2, 17),
(884, 4, 9, 2, 39),
(885, 4, 10, 2, 5),
(886, 4, 9, 2, 6),
(887, 4, 9, 2, 7),
(888, 4, 9, 2, 27),
(889, 4, 10, 2, 3),
(890, 4, 9, 2, 51),
(891, 4, 10, 2, 17),
(892, 4, 9, 2, 51),
(893, 4, 10, 2, 16),
(894, 4, 9, 2, 15),
(895, 4, 10, 2, 5),
(896, 4, 9, 2, 10),
(897, 4, 9, 2, 4),
(898, 4, 10, 2, 4),
(899, 4, 9, 2, 48),
(900, 4, 10, 2, 8),
(901, 4, 9, 2, 1),
(902, 4, 9, 2, 18),
(903, 4, 10, 2, 11),
(904, 4, 9, 2, 12),
(905, 4, 9, 2, 45),
(906, 4, 10, 2, 16),
(907, 4, 9, 2, 18),
(908, 4, 10, 2, 18),
(909, 4, 9, 2, 18),
(910, 4, 10, 2, 3),
(911, 4, 9, 2, 22),
(912, 4, 10, 2, 36),
(913, 4, 9, 2, 40),
(914, 4, 10, 2, 51),
(915, 4, 9, 2, 24),
(916, 4, 10, 2, 20),
(917, 4, 9, 2, 28),
(918, 4, 10, 2, 6),
(919, 4, 9, 2, 54),
(920, 4, 10, 2, 4),
(921, 4, 9, 2, 12),
(922, 4, 9, 2, 18),
(923, 4, 10, 2, 2),
(924, 4, 9, 2, 27),
(925, 4, 10, 2, 9),
(926, 4, 9, 2, 21),
(927, 4, 10, 2, 40),
(928, 4, 9, 2, 40),
(929, 4, 10, 2, 20),
(930, 4, 9, 2, 24),
(931, 4, 10, 2, 20),
(932, 4, 9, 2, 13),
(933, 4, 9, 2, 14),
(934, 4, 10, 2, 13),
(935, 4, 9, 2, 2),
(936, 4, 9, 2, 22),
(937, 4, 10, 2, 4),
(938, 4, 9, 2, 28),
(939, 4, 10, 2, 12),
(940, 4, 9, 2, 4),
(941, 4, 9, 2, 18),
(942, 4, 10, 2, 3),
(943, 4, 9, 2, 30),
(944, 4, 10, 2, 16),
(945, 4, 9, 2, 5),
(946, 4, 9, 2, 57),
(947, 4, 10, 2, 13),
(948, 4, 9, 2, 33),
(949, 4, 10, 2, 2),
(950, 4, 9, 2, 12),
(951, 4, 9, 2, 24),
(952, 4, 10, 2, 24),
(953, 4, 9, 2, 16),
(954, 4, 10, 2, 17),
(955, 4, 9, 2, 45),
(956, 4, 10, 2, 20),
(957, 4, 9, 2, 36),
(958, 4, 10, 2, 15),
(959, 4, 9, 2, 34),
(960, 4, 10, 2, 2),
(961, 4, 9, 2, 42),
(962, 4, 10, 2, 11),
(963, 4, 9, 2, 38),
(964, 4, 10, 2, 19),
(965, 4, 9, 2, 12),
(966, 4, 9, 2, 2),
(967, 4, 10, 2, 5),
(968, 4, 9, 2, 3),
(969, 4, 9, 2, 6),
(970, 4, 9, 2, 10),
(971, 4, 10, 2, 10),
(972, 4, 9, 2, 8),
(973, 4, 9, 2, 21),
(974, 4, 10, 2, 14),
(975, 4, 9, 2, 22),
(976, 4, 10, 2, 17),
(977, 4, 9, 2, 3),
(978, 4, 9, 2, 34),
(979, 4, 10, 2, 5),
(980, 4, 9, 2, 32),
(981, 4, 10, 2, 34),
(982, 4, 9, 2, 14),
(983, 4, 10, 2, 2),
(984, 4, 9, 2, 20),
(985, 4, 10, 2, 20),
(986, 4, 9, 2, 18),
(987, 4, 10, 2, 11),
(988, 4, 9, 2, 60),
(989, 4, 10, 2, 4),
(990, 4, 9, 2, 10),
(991, 4, 9, 2, 51),
(992, 4, 10, 2, 20),
(993, 4, 9, 2, 19),
(994, 4, 10, 2, 16),
(995, 4, 9, 2, 6),
(996, 4, 9, 2, 60),
(997, 4, 10, 2, 8),
(998, 4, 9, 2, 28),
(999, 4, 10, 2, 20),
(1000, 4, 9, 2, 5),
(1001, 4, 9, 2, 3),
(1002, 4, 9, 2, 22),
(1003, 4, 10, 2, 18),
(1004, 4, 9, 2, 30),
(1005, 4, 10, 2, 8),
(1006, 4, 9, 2, 16),
(1007, 4, 10, 2, 18),
(1008, 4, 9, 2, 54),
(1009, 4, 10, 2, 6),
(1010, 4, 9, 2, 27),
(1011, 4, 10, 2, 9),
(1012, 4, 9, 2, 19),
(1013, 4, 10, 2, 8),
(1014, 4, 9, 2, 13),
(1015, 4, 9, 2, 8),
(1016, 4, 10, 2, 11),
(1017, 4, 9, 2, 17),
(1018, 4, 10, 2, 12),
(1019, 4, 9, 2, 30),
(1020, 4, 10, 2, 7),
(1021, 4, 9, 2, 4),
(1022, 4, 9, 2, 2),
(1023, 4, 9, 2, 34),
(1024, 4, 10, 2, 36),
(1025, 4, 9, 2, 32),
(1026, 4, 10, 2, 18),
(1027, 4, 9, 2, 10),
(1028, 4, 9, 2, 36),
(1029, 4, 10, 2, 42),
(1030, 4, 9, 2, 26),
(1031, 4, 10, 2, 12),
(1032, 4, 9, 2, 45),
(1033, 4, 10, 2, 11),
(1034, 4, 9, 2, 13),
(1035, 4, 9, 2, 3),
(1036, 4, 10, 2, 20),
(1037, 4, 9, 2, 14),
(1038, 4, 10, 2, 16),
(1039, 4, 9, 2, 39),
(1040, 4, 10, 2, 7),
(1041, 4, 9, 2, 38),
(1042, 4, 10, 2, 14),
(1043, 4, 9, 2, 12),
(1044, 4, 9, 2, 33),
(1045, 4, 10, 2, 20),
(1046, 4, 9, 2, 21),
(1047, 4, 10, 2, 11),
(1048, 4, 9, 2, 36),
(1049, 4, 10, 2, 8),
(1050, 4, 9, 2, 36),
(1051, 4, 10, 2, 15),
(1052, 4, 9, 2, 17),
(1053, 4, 10, 2, 18),
(1054, 4, 9, 2, 15),
(1055, 4, 10, 2, 40),
(1056, 4, 9, 2, 6),
(1057, 4, 9, 2, 8),
(1058, 4, 10, 2, 17),
(1059, 4, 9, 2, 19),
(1060, 4, 10, 2, 13),
(1061, 4, 9, 2, 18),
(1062, 4, 10, 2, 12),
(1063, 4, 9, 2, 9),
(1064, 4, 9, 2, 3),
(1065, 4, 9, 2, 10),
(1066, 4, 10, 2, 12),
(1067, 4, 9, 2, 16),
(1068, 4, 10, 2, 20),
(1069, 4, 9, 2, 4),
(1070, 4, 9, 2, 16),
(1071, 4, 10, 2, 13),
(1072, 4, 9, 2, 22),
(1073, 4, 10, 2, 11),
(1074, 4, 9, 2, 12),
(1075, 4, 9, 2, 11),
(1076, 4, 10, 2, 2),
(1077, 4, 9, 2, 16),
(1078, 4, 10, 2, 22),
(1079, 4, 9, 2, 20),
(1080, 4, 10, 2, 16),
(1081, 4, 9, 2, 6),
(1082, 4, 9, 2, 22),
(1083, 4, 10, 2, 8),
(1084, 4, 9, 2, 14),
(1085, 4, 10, 2, 20),
(1086, 4, 9, 2, 15),
(1087, 4, 10, 2, 8),
(1088, 4, 9, 2, 12),
(1089, 4, 9, 2, 38),
(1090, 4, 10, 2, 9),
(1091, 4, 9, 2, 24),
(1092, 4, 10, 2, 14),
(1093, 4, 9, 2, 28),
(1094, 4, 10, 2, 9),
(1095, 4, 9, 2, 12),
(1096, 4, 9, 2, 15),
(1097, 4, 10, 2, 36),
(1098, 4, 9, 2, 22),
(1099, 4, 10, 2, 2),
(1100, 5, 9, 2, 45),
(1101, 5, 9, 2, 8),
(1102, 5, 9, 2, 24),
(1103, 5, 10, 2, 18),
(1104, 5, 10, 2, 5),
(1105, 5, 10, 2, 15),
(1106, 5, 9, 2, 13),
(1107, 5, 9, 2, 12),
(1108, 5, 9, 2, 54),
(1109, 5, 10, 2, 3),
(1110, 5, 10, 2, 9),
(1111, 5, 10, 2, 19),
(1112, 5, 9, 2, 22),
(1113, 5, 9, 2, 42),
(1114, 5, 9, 2, 18),
(1115, 5, 10, 2, 4),
(1116, 5, 10, 2, 12),
(1117, 5, 10, 2, 57),
(1118, 5, 9, 2, 48),
(1119, 5, 9, 2, 38),
(1120, 5, 9, 2, 4),
(1121, 5, 10, 2, 5),
(1122, 5, 10, 2, 6),
(1123, 5, 10, 2, 9),
(1124, 5, 9, 2, 1),
(1125, 5, 9, 2, 54),
(1126, 5, 9, 2, 3),
(1127, 5, 10, 2, 20),
(1128, 5, 10, 2, 5),
(1129, 5, 10, 2, 5),
(1130, 5, 9, 2, 6),
(1131, 5, 9, 2, 9),
(1132, 5, 9, 2, 8),
(1133, 5, 10, 2, 24),
(1134, 5, 10, 2, 7),
(1135, 5, 10, 2, 1),
(1136, 5, 9, 2, 9),
(1137, 5, 9, 2, 1),
(1138, 5, 9, 2, 16),
(1139, 5, 10, 2, 6),
(1140, 5, 10, 2, 1),
(1141, 5, 10, 2, 14),
(1142, 5, 9, 2, 42),
(1143, 5, 9, 2, 15),
(1144, 5, 9, 2, 14),
(1145, 5, 10, 2, 14),
(1146, 5, 10, 2, 2),
(1147, 5, 10, 2, 7),
(1148, 5, 9, 2, 14),
(1149, 5, 9, 2, 26),
(1150, 5, 9, 2, 15),
(1151, 5, 10, 2, 9),
(1152, 5, 10, 2, 5),
(1153, 5, 10, 2, 17),
(1154, 5, 9, 2, 22),
(1155, 5, 10, 2, 7),
(1156, 5, 10, 2, 2),
(1157, 5, 10, 2, 4),
(1158, 5, 9, 2, 26),
(1159, 5, 10, 2, 18),
(1160, 5, 10, 2, 18),
(1161, 5, 10, 2, 17),
(1162, 5, 9, 2, 11),
(1163, 5, 10, 2, 16),
(1164, 5, 10, 2, 12),
(1165, 5, 10, 2, 5),
(1166, 5, 9, 2, 4),
(1167, 5, 9, 2, 28),
(1168, 5, 10, 2, 57),
(1169, 5, 10, 2, 6),
(1170, 5, 10, 2, 16),
(1171, 5, 9, 2, 14),
(1172, 5, 10, 2, 7),
(1173, 5, 10, 2, 18),
(1174, 5, 9, 2, 4),
(1175, 5, 9, 2, 38),
(1176, 5, 10, 2, 16),
(1177, 5, 10, 2, 3),
(1178, 5, 10, 2, 20),
(1179, 5, 9, 2, 30),
(1180, 5, 10, 2, 16),
(1181, 5, 10, 2, 24),
(1182, 5, 9, 2, 16),
(1183, 5, 10, 2, 13),
(1184, 5, 10, 2, 8),
(1185, 5, 10, 2, 6),
(1186, 5, 9, 2, 28),
(1187, 5, 10, 2, 10),
(1188, 5, 10, 2, 54),
(1189, 5, 9, 2, 1),
(1190, 5, 9, 2, 7),
(1191, 5, 9, 2, 17),
(1192, 5, 10, 2, 14),
(1193, 5, 10, 2, 15),
(1194, 5, 9, 2, 15),
(1195, 5, 10, 2, 9),
(1196, 5, 10, 2, 6),
(1197, 5, 10, 2, 9),
(1198, 5, 9, 2, 5),
(1199, 5, 9, 2, 20),
(1200, 5, 10, 2, 27),
(1201, 5, 9, 2, 19),
(1202, 5, 10, 2, 17),
(1203, 5, 10, 2, 14),
(1204, 5, 9, 2, 16),
(1205, 5, 10, 2, 9),
(1206, 5, 10, 2, 48),
(1207, 5, 9, 2, 57),
(1208, 5, 10, 2, 14),
(1209, 5, 10, 2, 20),
(1210, 5, 9, 2, 34),
(1211, 5, 10, 2, 10),
(1212, 5, 10, 2, 18),
(1213, 5, 9, 2, 27),
(1214, 5, 10, 2, 34),
(1215, 5, 9, 2, 5),
(1216, 5, 9, 2, 48),
(1217, 5, 10, 2, 1),
(1218, 5, 10, 2, 6),
(1219, 5, 10, 2, 20),
(1220, 5, 9, 2, 28),
(1221, 5, 10, 2, 9),
(1222, 5, 10, 2, 17),
(1223, 5, 9, 2, 24),
(1224, 5, 10, 2, 51),
(1225, 5, 9, 2, 9),
(1226, 5, 9, 2, 8),
(1227, 5, 10, 2, 3),
(1228, 5, 10, 2, 22),
(1229, 5, 9, 2, 11),
(1230, 5, 10, 2, 9),
(1231, 5, 10, 2, 5),
(1232, 5, 10, 2, 18),
(1233, 5, 9, 2, 40),
(1234, 5, 10, 2, 14),
(1235, 5, 10, 2, 12),
(1236, 5, 9, 2, 7),
(1237, 5, 9, 2, 32),
(1238, 5, 10, 2, 12),
(1239, 5, 10, 2, 11),
(1240, 5, 9, 2, 36),
(1241, 5, 10, 2, 10),
(1242, 5, 10, 2, 9),
(1243, 5, 10, 2, 9),
(1244, 5, 9, 2, 15),
(1245, 5, 10, 2, 39),
(1246, 5, 9, 2, 36),
(1247, 5, 10, 2, 6),
(1248, 5, 10, 2, 18),
(1249, 5, 9, 2, 6),
(1250, 5, 9, 2, 51),
(1251, 5, 10, 2, 6),
(1252, 5, 10, 2, 5),
(1253, 5, 10, 2, 24),
(1254, 5, 9, 2, 60),
(1255, 5, 10, 2, 24),
(1256, 5, 9, 2, 11),
(1257, 5, 10, 2, 12),
(1258, 5, 10, 2, 13),
(1259, 5, 9, 2, 4),
(1260, 5, 9, 2, 20),
(1261, 5, 10, 2, 39),
(1262, 5, 9, 2, 51),
(1263, 5, 10, 2, 19),
(1264, 5, 10, 2, 16),
(1265, 5, 9, 2, 9),
(1266, 5, 9, 2, 24),
(1267, 5, 10, 2, 3),
(1268, 5, 10, 2, 4),
(1269, 5, 10, 2, 51),
(1270, 5, 9, 2, 1),
(1271, 5, 9, 2, 51),
(1272, 5, 10, 2, 13),
(1273, 5, 10, 2, 20),
(1274, 5, 9, 2, 10),
(1275, 5, 10, 2, 2),
(1276, 5, 10, 2, 9),
(1277, 5, 10, 2, 11),
(1278, 5, 9, 2, 5),
(1279, 5, 9, 2, 40),
(1280, 5, 10, 2, 20),
(1281, 5, 9, 2, 8),
(1282, 5, 9, 2, 9),
(1283, 5, 10, 2, 13),
(1284, 5, 9, 2, 15),
(1285, 5, 10, 2, 10),
(1286, 5, 9, 2, 5),
(1287, 5, 9, 2, 16),
(1288, 5, 10, 2, 10),
(1289, 5, 9, 2, 6),
(1290, 5, 9, 2, 28),
(1291, 5, 10, 2, 20),
(1292, 5, 9, 2, 15),
(1293, 5, 10, 2, 15),
(1294, 5, 9, 2, 20),
(1295, 5, 10, 2, 1),
(1296, 5, 9, 2, 10),
(1297, 5, 10, 2, 2),
(1298, 5, 9, 2, 57),
(1299, 5, 10, 2, 5),
(1300, 5, 9, 2, 6),
(1301, 5, 9, 2, 3),
(1302, 5, 9, 2, 24),
(1303, 5, 10, 2, 34),
(1304, 5, 9, 2, 14),
(1305, 5, 10, 2, 19),
(1306, 5, 9, 2, 16),
(1307, 5, 10, 2, 40),
(1308, 5, 9, 2, 17),
(1309, 5, 10, 2, 9),
(1310, 5, 9, 2, 40),
(1311, 5, 10, 2, 4),
(1312, 5, 9, 2, 22),
(1313, 5, 10, 2, 1),
(1314, 5, 9, 2, 22),
(1315, 5, 10, 2, 12),
(1316, 5, 9, 2, 28),
(1317, 5, 10, 2, 1),
(1318, 5, 9, 2, 45),
(1319, 5, 10, 2, 2),
(1320, 5, 9, 2, 1),
(1321, 5, 9, 2, 45),
(1322, 5, 10, 2, 3),
(1323, 5, 9, 2, 48),
(1324, 5, 10, 2, 9),
(1325, 5, 9, 2, 28),
(1326, 5, 10, 2, 10),
(1327, 5, 9, 2, 36),
(1328, 5, 10, 2, 14),
(1329, 5, 9, 2, 16),
(1330, 5, 10, 2, 16),
(1331, 5, 9, 2, 39),
(1332, 5, 10, 2, 2),
(1333, 5, 9, 2, 13),
(1334, 5, 10, 2, 2),
(1335, 6, 9, 2, 4),
(1336, 6, 9, 2, 8),
(1337, 6, 9, 2, 12),
(1338, 6, 10, 2, 1),
(1339, 6, 10, 2, 6),
(1340, 6, 10, 2, 8),
(1341, 6, 9, 2, 16),
(1342, 6, 9, 2, 18),
(1343, 6, 9, 2, 6),
(1344, 6, 10, 2, 10),
(1345, 6, 10, 2, 3),
(1346, 6, 10, 2, 2),
(1347, 6, 9, 2, 4),
(1348, 6, 9, 2, 42),
(1349, 6, 9, 2, 33),
(1350, 6, 10, 2, 12),
(1351, 6, 10, 2, 16),
(1352, 6, 10, 2, 8),
(1353, 6, 9, 2, 21),
(1354, 6, 9, 2, 32),
(1355, 6, 9, 2, 34),
(1356, 6, 10, 2, 6),
(1357, 6, 10, 2, 28),
(1358, 6, 10, 2, 14),
(1359, 6, 9, 2, 24),
(1360, 6, 9, 2, 3),
(1361, 6, 9, 2, 11),
(1362, 6, 10, 2, 19),
(1363, 6, 10, 2, 11),
(1364, 6, 10, 2, 4),
(1365, 6, 9, 2, 18),
(1366, 6, 9, 2, 32),
(1367, 6, 9, 2, 16),
(1368, 6, 10, 2, 12),
(1369, 6, 10, 2, 8),
(1370, 6, 10, 2, 5),
(1371, 6, 9, 2, 10),
(1372, 6, 9, 2, 60),
(1373, 6, 9, 2, 15),
(1374, 6, 10, 2, 1),
(1375, 6, 10, 2, 18),
(1376, 6, 10, 2, 13),
(1377, 6, 9, 2, 22),
(1378, 6, 9, 2, 32),
(1379, 6, 9, 2, 15),
(1380, 6, 10, 2, 14),
(1381, 6, 10, 2, 1),
(1382, 6, 10, 2, 18),
(1383, 6, 9, 2, 6),
(1384, 6, 9, 2, 16),
(1385, 6, 10, 2, 28),
(1386, 6, 10, 2, 14),
(1387, 6, 10, 2, 26),
(1388, 6, 9, 2, 54),
(1389, 6, 10, 2, 16),
(1390, 6, 10, 2, 10),
(1391, 6, 10, 2, 1),
(1392, 6, 9, 2, 57),
(1393, 6, 10, 2, 16),
(1394, 6, 10, 2, 39),
(1395, 6, 10, 2, 18),
(1396, 6, 9, 2, 8),
(1397, 6, 9, 2, 6),
(1398, 6, 10, 2, 14),
(1399, 6, 10, 2, 19),
(1400, 6, 10, 2, 20),
(1401, 6, 9, 2, 3),
(1402, 6, 9, 2, 19),
(1403, 6, 10, 2, 36),
(1404, 6, 10, 2, 16),
(1405, 6, 9, 2, 8),
(1406, 6, 9, 2, 12),
(1407, 6, 10, 2, 30),
(1408, 6, 10, 2, 19),
(1409, 6, 9, 2, 8),
(1410, 6, 9, 2, 12),
(1411, 6, 10, 2, 3),
(1412, 6, 10, 2, 20),
(1413, 6, 10, 2, 22),
(1414, 6, 9, 2, 30),
(1415, 6, 10, 2, 10),
(1416, 6, 10, 2, 14),
(1417, 6, 10, 2, 20),
(1418, 6, 9, 2, 6),
(1419, 6, 9, 2, 48),
(1420, 6, 10, 2, 22),
(1421, 6, 10, 2, 9),
(1422, 6, 10, 2, 12),
(1423, 6, 9, 2, 39),
(1424, 6, 10, 2, 11),
(1425, 6, 10, 2, 38),
(1426, 6, 9, 2, 30),
(1427, 6, 10, 2, 6),
(1428, 6, 10, 2, 10),
(1429, 6, 10, 2, 7),
(1430, 6, 9, 2, 16),
(1431, 6, 10, 2, 10),
(1432, 6, 10, 2, 28),
(1433, 6, 9, 2, 18),
(1434, 6, 10, 2, 24),
(1435, 6, 9, 2, 2),
(1436, 6, 9, 2, 10),
(1437, 6, 10, 2, 9),
(1438, 6, 10, 2, 7),
(1439, 6, 10, 2, 16),
(1440, 6, 9, 2, 9),
(1441, 6, 9, 2, 21),
(1442, 6, 10, 2, 57),
(1443, 6, 9, 2, 10),
(1444, 6, 9, 2, 8),
(1445, 6, 10, 2, 20),
(1446, 6, 9, 2, 20),
(1447, 6, 10, 2, 5),
(1448, 6, 10, 2, 2),
(1449, 6, 10, 2, 17),
(1450, 6, 9, 2, 16),
(1451, 6, 10, 2, 34),
(1452, 6, 9, 2, 54),
(1453, 6, 10, 2, 6),
(1454, 6, 10, 2, 15),
(1455, 6, 9, 2, 20),
(1456, 6, 10, 2, 10),
(1457, 6, 10, 2, 20),
(1458, 6, 9, 2, 1),
(1459, 6, 9, 2, 16),
(1460, 6, 10, 2, 17),
(1461, 6, 10, 2, 10),
(1462, 6, 9, 2, 19),
(1463, 6, 10, 2, 12),
(1464, 6, 10, 2, 33),
(1465, 6, 9, 2, 4),
(1466, 6, 9, 2, 30),
(1467, 6, 10, 2, 8),
(1468, 6, 10, 2, 16),
(1469, 6, 9, 2, 1),
(1470, 6, 9, 2, 11),
(1471, 6, 10, 2, 12),
(1472, 6, 10, 2, 10),
(1473, 6, 9, 2, 40),
(1474, 6, 10, 2, 15),
(1475, 6, 10, 2, 3),
(1476, 6, 9, 2, 10),
(1477, 6, 9, 2, 39),
(1478, 6, 10, 2, 12),
(1479, 6, 10, 2, 8),
(1480, 6, 9, 2, 2),
(1481, 6, 9, 2, 9),
(1482, 6, 9, 2, 24),
(1483, 6, 10, 2, 6),
(1484, 6, 10, 2, 18),
(1485, 6, 9, 2, 6),
(1486, 6, 9, 2, 2),
(1487, 6, 9, 2, 22),
(1488, 6, 10, 2, 2),
(1489, 6, 10, 2, 11),
(1490, 6, 10, 2, 7),
(1491, 6, 9, 2, 42),
(1492, 6, 10, 2, 15),
(1493, 6, 10, 2, 36),
(1494, 6, 9, 2, 6),
(1495, 6, 9, 2, 32),
(1496, 6, 10, 2, 7),
(1497, 6, 10, 2, 57),
(1498, 6, 9, 2, 8),
(1499, 6, 9, 2, 14),
(1500, 6, 10, 2, 10),
(1501, 6, 10, 2, 16),
(1502, 6, 9, 2, 24),
(1503, 6, 10, 2, 6),
(1504, 6, 10, 2, 10),
(1505, 6, 10, 2, 18),
(1506, 6, 9, 2, 21),
(1507, 6, 10, 2, 12),
(1508, 6, 10, 2, 30),
(1509, 6, 9, 2, 36),
(1510, 6, 10, 2, 1),
(1511, 6, 10, 2, 6),
(1512, 6, 10, 2, 4),
(1513, 6, 9, 2, 16),
(1514, 6, 10, 2, 15),
(1515, 6, 9, 2, 57),
(1516, 6, 10, 2, 6),
(1517, 6, 10, 2, 21),
(1518, 6, 9, 2, 24),
(1519, 6, 10, 2, 20),
(1520, 6, 9, 2, 5),
(1521, 6, 9, 2, 17),
(1522, 6, 10, 2, 8),
(1523, 6, 9, 2, 30),
(1524, 6, 10, 2, 18),
(1525, 6, 9, 2, 45),
(1526, 6, 10, 2, 28),
(1527, 6, 9, 2, 40),
(1528, 6, 10, 2, 12),
(1529, 6, 9, 2, 21),
(1530, 6, 10, 2, 30),
(1531, 6, 9, 2, 11),
(1532, 6, 9, 2, 36),
(1533, 6, 10, 2, 3),
(1534, 6, 10, 2, 36),
(1535, 6, 9, 2, 24),
(1536, 6, 10, 2, 36),
(1537, 6, 9, 2, 6),
(1538, 6, 9, 2, 9),
(1539, 6, 10, 2, 51),
(1540, 6, 9, 2, 24),
(1541, 6, 10, 2, 15),
(1542, 6, 9, 2, 4),
(1543, 6, 9, 2, 18),
(1544, 6, 10, 2, 40),
(1545, 6, 9, 2, 9),
(1546, 6, 9, 2, 38),
(1547, 6, 10, 2, 5),
(1548, 6, 10, 2, 2),
(1549, 6, 9, 2, 6),
(1550, 6, 9, 2, 34),
(1551, 6, 10, 2, 1),
(1552, 6, 10, 2, 16),
(1553, 6, 9, 2, 13),
(1554, 6, 10, 2, 4),
(1555, 6, 10, 2, 36),
(1556, 6, 9, 2, 3),
(1557, 6, 9, 2, 36),
(1558, 6, 10, 2, 12),
(1559, 6, 9, 2, 1),
(1560, 6, 9, 2, 17),
(1561, 6, 10, 2, 19),
(1562, 6, 9, 2, 38),
(1563, 6, 10, 2, 4),
(1564, 6, 10, 2, 9),
(1565, 6, 9, 2, 45),
(1566, 6, 10, 2, 14),
(1567, 6, 9, 2, 38),
(1568, 6, 10, 2, 20),
(1569, 6, 9, 2, 12),
(1570, 6, 10, 2, 40),
(1571, 6, 9, 2, 4),
(1572, 6, 9, 2, 4),
(1573, 6, 9, 2, 2),
(1574, 6, 10, 2, 2),
(1575, 6, 10, 2, 27),
(1576, 6, 9, 2, 15),
(1577, 6, 10, 2, 3),
(1578, 6, 10, 2, 14),
(1579, 6, 9, 2, 9),
(1580, 6, 10, 2, 3),
(1581, 6, 10, 2, 11),
(1582, 6, 9, 2, 12),
(1583, 6, 10, 2, 22),
(1584, 6, 9, 2, 22),
(1585, 6, 10, 2, 16),
(1586, 6, 9, 2, 2),
(1587, 6, 10, 2, 15),
(1588, 6, 9, 2, 32),
(1589, 6, 10, 2, 3),
(1590, 6, 10, 2, 54),
(1591, 6, 9, 2, 6),
(1592, 6, 10, 2, 19),
(1593, 6, 9, 2, 38),
(1594, 6, 10, 2, 2),
(1595, 6, 10, 2, 14),
(1596, 6, 9, 2, 9),
(1597, 6, 10, 2, 20),
(1598, 6, 9, 2, 19),
(1599, 6, 10, 2, 6),
(1600, 6, 10, 2, 3),
(1601, 6, 9, 2, 24),
(1602, 6, 10, 2, 2),
(1603, 6, 10, 2, 8),
(1604, 6, 9, 2, 57),
(1605, 6, 10, 2, 13),
(1606, 6, 9, 2, 20),
(1607, 6, 10, 2, 14),
(1608, 6, 9, 2, 21),
(1609, 6, 10, 2, 15),
(1610, 6, 9, 2, 18),
(1611, 6, 10, 2, 12),
(1612, 6, 9, 2, 3),
(1613, 6, 10, 2, 16),
(1614, 6, 9, 2, 8),
(1615, 6, 10, 2, 3),
(1616, 6, 10, 2, 2),
(1617, 6, 10, 2, 20),
(1618, 6, 9, 2, 18),
(1619, 6, 10, 2, 2),
(1620, 6, 10, 2, 17),
(1621, 6, 9, 2, 11),
(1622, 6, 10, 2, 2),
(1623, 6, 10, 2, 2),
(1624, 6, 10, 2, 17),
(1625, 6, 9, 2, 24),
(1626, 6, 10, 2, 4),
(1627, 6, 10, 2, 2),
(1628, 6, 10, 2, 16),
(1629, 6, 9, 2, 27),
(1630, 6, 10, 2, 9),
(1631, 6, 9, 2, 3),
(1632, 6, 10, 2, 19),
(1633, 6, 9, 2, 45),
(1634, 6, 10, 2, 10),
(1635, 6, 9, 2, 60),
(1636, 6, 10, 2, 3),
(1637, 6, 10, 2, 15),
(1638, 6, 9, 2, 8),
(1639, 6, 10, 2, 7),
(1640, 6, 9, 2, 32),
(1641, 6, 10, 2, 40),
(1642, 6, 9, 2, 30),
(1643, 6, 10, 2, 12),
(1644, 6, 9, 2, 8),
(1645, 6, 10, 2, 20),
(1646, 6, 9, 2, 15),
(1647, 6, 10, 2, 15),
(1648, 6, 9, 2, 2),
(1649, 6, 10, 2, 10),
(1650, 6, 9, 2, 34),
(1651, 6, 10, 2, 18),
(1652, 6, 9, 2, 33),
(1653, 6, 10, 2, 12),
(1654, 6, 9, 2, 20),
(1655, 6, 10, 2, 28),
(1656, 6, 9, 2, 13),
(1657, 6, 10, 2, 60),
(1658, 6, 9, 2, 42),
(1659, 6, 10, 2, 6),
(1660, 6, 10, 2, 7),
(1661, 6, 9, 2, 27),
(1662, 6, 10, 2, 11),
(1663, 6, 9, 2, 28),
(1664, 6, 10, 2, 9),
(1665, 6, 9, 2, 15),
(1666, 6, 10, 2, 12),
(1667, 6, 9, 2, 30),
(1668, 6, 10, 2, 7),
(1669, 6, 9, 2, 20),
(1670, 6, 10, 2, 10),
(1671, 6, 9, 2, 9),
(1672, 6, 10, 2, 8),
(1673, 6, 9, 2, 36),
(1674, 6, 10, 2, 57),
(1675, 6, 9, 2, 2),
(1676, 6, 10, 2, 8),
(1677, 6, 9, 2, 36),
(1678, 6, 10, 2, 30),
(1679, 6, 9, 2, 39),
(1680, 6, 10, 2, 16),
(1681, 6, 9, 2, 30),
(1682, 6, 10, 2, 7),
(1683, 6, 9, 2, 38),
(1684, 6, 10, 2, 16),
(1685, 6, 9, 2, 18),
(1686, 6, 10, 2, 24),
(1687, 6, 9, 2, 32),
(1688, 6, 10, 2, 12),
(1689, 6, 9, 2, 8),
(1690, 6, 10, 2, 7),
(1691, 6, 9, 2, 48),
(1692, 6, 10, 2, 9),
(1693, 6, 9, 2, 4),
(1694, 6, 10, 2, 4),
(1695, 6, 10, 2, 13),
(1696, 6, 9, 2, 26),
(1697, 6, 10, 2, 2),
(1698, 6, 10, 2, 4),
(1699, 6, 10, 2, 7),
(1700, 6, 9, 2, 12),
(1701, 6, 10, 2, 8),
(1702, 6, 9, 2, 51),
(1703, 6, 10, 2, 14),
(1704, 6, 9, 2, 6),
(1705, 6, 10, 2, 4),
(1706, 6, 10, 2, 2),
(1707, 6, 10, 2, 8),
(1708, 6, 9, 2, 32),
(1709, 6, 10, 2, 15),
(1710, 6, 9, 2, 3),
(1711, 6, 10, 2, 17),
(1712, 6, 9, 2, 7),
(1713, 6, 10, 2, 2),
(1714, 6, 10, 2, 12),
(1715, 6, 9, 2, 40),
(1716, 6, 10, 2, 16),
(1717, 6, 9, 2, 34),
(1718, 6, 10, 2, 11),
(1719, 6, 9, 2, 18),
(1720, 6, 10, 2, 24),
(1721, 6, 9, 2, 5),
(1722, 6, 10, 2, 10),
(1723, 6, 9, 2, 13),
(1724, 6, 10, 2, 5),
(1725, 6, 10, 2, 13),
(1726, 6, 9, 2, 16),
(1727, 6, 10, 2, 4),
(1728, 6, 10, 2, 14),
(1729, 6, 9, 2, 21),
(1730, 6, 10, 2, 3),
(1731, 6, 10, 2, 7),
(1732, 6, 9, 2, 18),
(1733, 6, 10, 2, 16),
(1734, 6, 9, 2, 51),
(1735, 6, 10, 2, 11),
(1736, 6, 9, 2, 3),
(1737, 6, 10, 2, 4),
(1738, 6, 10, 2, 36),
(1739, 6, 9, 2, 57),
(1740, 6, 10, 2, 8),
(1741, 6, 9, 2, 17),
(1742, 6, 10, 2, 34),
(1743, 6, 9, 2, 18),
(1744, 6, 10, 2, 13),
(1745, 6, 9, 2, 14),
(1746, 6, 10, 2, 11),
(1747, 6, 9, 2, 11),
(1748, 6, 10, 2, 3),
(1749, 6, 10, 2, 4),
(1750, 6, 9, 2, 10),
(1751, 6, 10, 2, 8),
(1752, 6, 9, 2, 21),
(1753, 6, 10, 2, 3),
(1754, 6, 10, 2, 18),
(1755, 6, 9, 2, 36),
(1756, 6, 10, 2, 17),
(1757, 6, 9, 2, 11),
(1758, 6, 10, 2, 14),
(1759, 6, 9, 2, 14),
(1760, 6, 10, 2, 39),
(1761, 6, 9, 2, 22),
(1762, 6, 10, 2, 18),
(1763, 6, 9, 2, 9),
(1764, 6, 10, 2, 20),
(1765, 6, 9, 2, 16),
(1766, 6, 10, 2, 12),
(1767, 6, 9, 2, 3),
(1768, 6, 10, 2, 17),
(1769, 6, 9, 2, 6),
(1770, 6, 10, 2, 34),
(1771, 6, 9, 2, 28),
(1772, 6, 10, 2, 5),
(1773, 6, 10, 2, 7),
(1774, 6, 9, 2, 20),
(1775, 6, 10, 2, 15),
(1776, 6, 9, 2, 18),
(1777, 6, 10, 2, 16),
(1778, 6, 9, 2, 4),
(1779, 6, 10, 2, 11),
(1780, 6, 9, 2, 30),
(1781, 6, 10, 2, 8),
(1782, 6, 9, 2, 7),
(1783, 6, 10, 2, 1),
(1784, 6, 10, 2, 24),
(1785, 6, 9, 2, 13),
(1786, 6, 10, 2, 24),
(1787, 6, 9, 2, 3),
(1788, 6, 10, 2, 2),
(1789, 6, 10, 2, 1),
(1790, 6, 10, 2, 19),
(1791, 6, 9, 2, 13),
(1792, 6, 10, 2, 16),
(1793, 6, 9, 2, 16),
(1794, 6, 10, 2, 36),
(1795, 6, 9, 2, 18),
(1796, 6, 10, 2, 6),
(1797, 6, 10, 2, 1),
(1798, 6, 9, 2, 2),
(1799, 6, 10, 2, 60),
(1800, 6, 9, 2, 10),
(1801, 6, 10, 2, 15),
(1802, 6, 9, 2, 28),
(1803, 6, 10, 2, 13),
(1804, 6, 9, 2, 3),
(1805, 6, 10, 2, 11),
(1806, 6, 9, 2, 21),
(1807, 6, 10, 2, 34),
(1808, 6, 9, 2, 20),
(1809, 6, 10, 2, 12),
(1810, 6, 9, 2, 8),
(1811, 6, 10, 2, 7),
(1812, 6, 9, 2, 11),
(1813, 6, 10, 2, 40),
(1814, 6, 9, 2, 16),
(1815, 6, 10, 2, 30),
(1816, 6, 9, 2, 4),
(1817, 6, 10, 2, 4),
(1818, 6, 10, 2, 1),
(1819, 6, 10, 2, 14),
(1820, 6, 9, 2, 14),
(1821, 6, 10, 2, 16),
(1822, 6, 9, 2, 3),
(1823, 6, 10, 2, 42),
(1824, 6, 9, 2, 4),
(1825, 6, 10, 2, 4),
(1826, 6, 10, 2, 20),
(1827, 6, 9, 2, 42),
(1828, 6, 10, 2, 6),
(1829, 6, 10, 2, 13),
(1830, 6, 9, 2, 18),
(1831, 6, 10, 2, 11),
(1832, 6, 9, 2, 16),
(1833, 6, 10, 2, 15),
(1834, 6, 9, 2, 14),
(1835, 6, 10, 2, 2),
(1836, 6, 10, 2, 45),
(1837, 6, 9, 2, 4),
(1838, 6, 10, 2, 3),
(1839, 6, 10, 2, 1),
(1840, 6, 10, 2, 3),
(1841, 6, 9, 2, 51),
(1842, 6, 10, 2, 13),
(1843, 6, 9, 2, 38),
(1844, 6, 10, 2, 6),
(1845, 6, 10, 2, 14),
(1846, 6, 9, 2, 48),
(1847, 6, 10, 2, 20),
(1848, 6, 9, 2, 45),
(1849, 6, 10, 2, 7),
(1850, 6, 9, 2, 32),
(1851, 6, 10, 2, 16),
(1852, 6, 9, 2, 3),
(1853, 6, 10, 2, 18),
(1854, 6, 9, 2, 26),
(1855, 6, 10, 2, 8),
(1856, 7, 1, 3, 19),
(1857, 7, 1, 3, 20),
(1858, 7, 1, 3, 36),
(1859, 7, 2, 3, 14),
(1860, 7, 2, 3, 14),
(1861, 7, 2, 3, 14),
(1862, 7, 1, 3, 21),
(1863, 7, 1, 3, 16),
(1864, 7, 1, 3, 12),
(1865, 7, 2, 3, 19),
(1866, 7, 2, 3, 3),
(1867, 7, 2, 3, 30),
(1868, 7, 1, 3, 7),
(1869, 7, 1, 3, 8),
(1870, 7, 1, 3, 4),
(1871, 7, 2, 3, 40),
(1872, 7, 2, 3, 15),
(1873, 7, 2, 3, 24),
(1874, 7, 1, 3, 1),
(1875, 7, 1, 3, 15),
(1876, 7, 1, 3, 11),
(1877, 7, 2, 3, 3),
(1878, 7, 2, 3, 8),
(1879, 7, 2, 3, 1),
(1880, 7, 1, 3, 18),
(1881, 7, 1, 3, 12),
(1882, 7, 1, 3, 5),
(1883, 7, 2, 3, 28),
(1884, 7, 2, 3, 13),
(1885, 7, 2, 3, 12),
(1886, 7, 1, 3, 13),
(1887, 7, 1, 3, 20),
(1888, 7, 1, 3, 14),
(1889, 7, 2, 3, 19),
(1890, 7, 2, 3, 4),
(1891, 7, 2, 3, 4),
(1892, 7, 1, 3, 2),
(1893, 7, 1, 3, 20),
(1894, 7, 1, 3, 33),
(1895, 7, 2, 3, 7),
(1896, 7, 2, 3, 20),
(1897, 7, 2, 3, 54),
(1898, 7, 1, 3, 7),
(1899, 7, 1, 3, 13),
(1900, 7, 1, 3, 18),
(1901, 7, 2, 3, 19),
(1902, 7, 2, 3, 6),
(1903, 7, 2, 3, 12),
(1904, 7, 1, 3, 45),
(1905, 7, 1, 3, 18),
(1906, 7, 1, 3, 32),
(1907, 7, 2, 3, 18),
(1908, 7, 2, 3, 13),
(1909, 7, 2, 3, 34),
(1910, 7, 1, 3, 10),
(1911, 7, 1, 3, 19),
(1912, 7, 1, 3, 15),
(1913, 7, 2, 3, 12),
(1914, 7, 2, 3, 9),
(1915, 7, 2, 3, 22),
(1916, 7, 1, 3, 38),
(1917, 7, 2, 3, 6),
(1918, 7, 2, 3, 54),
(1919, 7, 1, 3, 15),
(1920, 7, 1, 3, 13),
(1921, 7, 2, 3, 19),
(1922, 7, 1, 3, 36),
(1923, 7, 2, 3, 11),
(1924, 7, 1, 3, 9),
(1925, 7, 1, 3, 5),
(1926, 7, 1, 3, 10),
(1927, 7, 2, 3, 33),
(1928, 7, 1, 3, 48),
(1929, 7, 2, 3, 7),
(1930, 7, 2, 3, 21),
(1931, 7, 1, 3, 13),
(1932, 7, 1, 3, 27),
(1933, 7, 2, 3, 57),
(1934, 7, 1, 3, 14),
(1935, 7, 1, 3, 18),
(1936, 7, 2, 3, 32),
(1937, 7, 1, 3, 1),
(1938, 7, 1, 3, 10),
(1939, 7, 1, 3, 2),
(1940, 7, 2, 3, 5),
(1941, 7, 2, 3, 3),
(1942, 7, 2, 3, 3),
(1943, 7, 1, 3, 8),
(1944, 7, 2, 3, 32),
(1945, 7, 1, 3, 12),
(1946, 7, 2, 3, 5),
(1947, 7, 2, 3, 14),
(1948, 7, 1, 3, 12),
(1949, 7, 2, 3, 1),
(1950, 7, 2, 3, 2),
(1951, 7, 2, 3, 20),
(1952, 7, 1, 3, 6),
(1953, 7, 2, 3, 3),
(1954, 7, 2, 3, 40),
(1955, 7, 1, 3, 17),
(1956, 7, 2, 3, 8),
(1957, 7, 2, 3, 40),
(1958, 7, 1, 3, 16),
(1959, 7, 2, 3, 10),
(1960, 8, 1, 3, 7),
(1961, 8, 1, 3, 15),
(1962, 8, 1, 3, 1),
(1963, 8, 2, 3, 60),
(1964, 8, 2, 3, 19),
(1965, 8, 2, 3, 10),
(1966, 8, 1, 3, 7),
(1967, 8, 1, 3, 18),
(1968, 8, 1, 3, 7),
(1969, 8, 2, 3, 20),
(1970, 8, 2, 3, 6),
(1971, 8, 2, 3, 24),
(1972, 8, 1, 3, 8),
(1973, 8, 1, 3, 12),
(1974, 8, 1, 3, 21),
(1975, 8, 2, 3, 45),
(1976, 8, 2, 3, 38),
(1977, 8, 2, 3, 2),
(1978, 8, 1, 3, 32),
(1979, 8, 1, 3, 14),
(1980, 8, 1, 3, 19),
(1981, 8, 2, 3, 30),
(1982, 8, 2, 3, 16),
(1983, 8, 2, 3, 19),
(1984, 8, 1, 3, 16),
(1985, 8, 1, 3, 20),
(1986, 8, 1, 3, 24),
(1987, 8, 2, 3, 1),
(1988, 8, 2, 3, 60),
(1989, 8, 2, 3, 5),
(1990, 8, 1, 3, 2),
(1991, 8, 1, 3, 10),
(1992, 8, 1, 3, 7),
(1993, 8, 2, 3, 36),
(1994, 8, 2, 3, 18),
(1995, 8, 2, 3, 6),
(1996, 8, 1, 3, 5),
(1997, 8, 1, 3, 12),
(1998, 8, 1, 3, 12),
(1999, 8, 2, 3, 21),
(2000, 8, 2, 3, 19),
(2001, 8, 2, 3, 51),
(2002, 8, 1, 3, 6),
(2003, 8, 1, 3, 60),
(2004, 8, 1, 3, 20),
(2005, 8, 2, 3, 5),
(2006, 8, 2, 3, 14),
(2007, 8, 2, 3, 10),
(2008, 8, 1, 3, 7),
(2009, 8, 1, 3, 17),
(2010, 8, 1, 3, 9),
(2011, 8, 2, 3, 12),
(2012, 8, 2, 3, 51),
(2013, 8, 1, 3, 5),
(2014, 8, 1, 3, 16),
(2015, 8, 1, 3, 2),
(2016, 8, 2, 3, 22),
(2017, 8, 2, 3, 6),
(2018, 8, 2, 3, 3),
(2019, 8, 1, 3, 6),
(2020, 8, 1, 3, 22),
(2021, 8, 1, 3, 6),
(2022, 8, 2, 3, 14),
(2023, 8, 2, 3, 12),
(2024, 8, 1, 3, 7),
(2025, 8, 1, 3, 18),
(2026, 8, 1, 3, 15),
(2027, 8, 2, 3, 42),
(2028, 8, 1, 3, 7),
(2029, 8, 1, 3, 10),
(2030, 8, 2, 3, 22),
(2031, 8, 2, 3, 10),
(2032, 8, 1, 3, 20),
(2033, 8, 2, 3, 4),
(2034, 8, 2, 3, 57),
(2035, 8, 1, 3, 10),
(2036, 8, 1, 3, 18),
(2037, 8, 2, 3, 1),
(2038, 8, 2, 3, 4),
(2039, 8, 2, 3, 45),
(2040, 8, 1, 3, 10),
(2041, 8, 1, 3, 32),
(2042, 8, 2, 3, 12),
(2043, 8, 2, 3, 7),
(2044, 8, 2, 3, 51),
(2045, 8, 1, 3, 10),
(2046, 8, 1, 3, 28),
(2047, 8, 2, 3, 20),
(2048, 8, 2, 3, 48),
(2049, 8, 1, 3, 13),
(2050, 8, 1, 3, 6),
(2051, 8, 2, 3, 36),
(2052, 8, 1, 3, 28),
(2053, 8, 2, 3, 4),
(2054, 8, 2, 3, 20),
(2055, 8, 2, 3, 7),
(2056, 8, 1, 3, 20),
(2057, 8, 2, 3, 16),
(2058, 8, 2, 3, 30),
(2059, 8, 1, 3, 7),
(2060, 8, 1, 3, 12),
(2061, 8, 2, 3, 51),
(2062, 8, 1, 3, 6),
(2063, 8, 1, 3, 13),
(2064, 8, 2, 3, 30),
(2065, 8, 1, 3, 18),
(2066, 8, 2, 3, 30),
(2067, 8, 1, 3, 14),
(2068, 8, 1, 3, 12),
(2069, 8, 2, 3, 18),
(2070, 8, 2, 3, 33),
(2071, 8, 1, 3, 10),
(2072, 8, 1, 3, 8),
(2073, 8, 2, 3, 36),
(2074, 8, 1, 3, 17),
(2075, 8, 2, 3, 12),
(2076, 8, 2, 3, 18),
(2077, 8, 1, 3, 18),
(2078, 8, 2, 3, 20),
(2079, 8, 2, 3, 3),
(2080, 8, 2, 3, 8),
(2081, 8, 1, 3, 18),
(2082, 8, 2, 3, 10),
(2083, 8, 2, 3, 12),
(2084, 8, 2, 3, 16),
(2085, 8, 1, 3, 3),
(2086, 8, 1, 3, 11),
(2087, 8, 1, 3, 30),
(2088, 8, 2, 3, 24),
(2089, 8, 2, 3, 3),
(2090, 8, 1, 3, 11),
(2091, 8, 1, 3, 10),
(2092, 8, 2, 3, 14),
(2093, 8, 2, 3, 24),
(2094, 8, 1, 3, 9),
(2095, 8, 1, 3, 7),
(2096, 8, 2, 3, 6),
(2097, 8, 2, 3, 21),
(2098, 8, 1, 3, 6),
(2099, 8, 1, 3, 12),
(2100, 8, 2, 3, 18),
(2101, 8, 2, 3, 12),
(2102, 8, 1, 3, 3),
(2103, 8, 1, 3, 13),
(2104, 8, 2, 3, 28),
(2105, 8, 1, 3, 13),
(2106, 8, 1, 3, 9),
(2107, 8, 2, 3, 26),
(2108, 9, 1, 3, 1),
(2109, 9, 1, 3, 14),
(2110, 9, 1, 3, 7),
(2111, 9, 2, 3, 4),
(2112, 9, 2, 3, 1),
(2113, 9, 2, 3, 18),
(2114, 9, 1, 3, 18),
(2115, 9, 1, 3, 6),
(2116, 9, 1, 3, 3),
(2117, 9, 2, 3, 16),
(2118, 9, 2, 3, 19),
(2119, 9, 2, 3, 30),
(2120, 9, 1, 3, 2),
(2121, 9, 1, 3, 3),
(2122, 9, 1, 3, 19),
(2123, 9, 2, 3, 5),
(2124, 9, 2, 3, 12),
(2125, 9, 2, 3, 15),
(2126, 9, 1, 3, 18),
(2127, 9, 1, 3, 34),
(2128, 9, 1, 3, 11),
(2129, 9, 2, 3, 18),
(2130, 9, 2, 3, 3),
(2131, 9, 2, 3, 13),
(2132, 9, 1, 3, 2),
(2133, 9, 1, 3, 16),
(2134, 9, 1, 3, 14),
(2135, 9, 2, 3, 8),
(2136, 9, 2, 3, 10),
(2137, 9, 2, 3, 16),
(2138, 9, 1, 3, 10),
(2139, 9, 1, 3, 14),
(2140, 9, 1, 3, 11),
(2141, 9, 2, 3, 10),
(2142, 9, 2, 3, 45),
(2143, 9, 2, 3, 12),
(2144, 9, 1, 3, 38),
(2145, 9, 1, 3, 7),
(2146, 9, 1, 3, 2),
(2147, 9, 2, 3, 15),
(2148, 9, 2, 3, 34),
(2149, 9, 2, 3, 17),
(2150, 9, 1, 3, 10),
(2151, 9, 1, 3, 6),
(2152, 9, 1, 3, 39),
(2153, 9, 2, 3, 3),
(2154, 9, 2, 3, 45),
(2155, 9, 2, 3, 38),
(2156, 9, 1, 3, 19),
(2157, 9, 1, 3, 42),
(2158, 9, 1, 3, 3),
(2159, 9, 2, 3, 24),
(2160, 9, 2, 3, 15),
(2161, 9, 2, 3, 16),
(2162, 9, 1, 3, 17),
(2163, 9, 1, 3, 1),
(2164, 9, 1, 3, 6),
(2165, 9, 2, 3, 19),
(2166, 9, 2, 3, 2),
(2167, 9, 2, 3, 10),
(2168, 9, 1, 3, 3),
(2169, 9, 1, 3, 6),
(2170, 9, 1, 3, 40),
(2171, 9, 2, 3, 30),
(2172, 9, 1, 3, 10),
(2173, 9, 1, 3, 28),
(2174, 9, 1, 3, 3),
(2175, 9, 2, 3, 10),
(2176, 9, 1, 3, 13),
(2177, 9, 1, 3, 16),
(2178, 9, 2, 3, 24),
(2179, 9, 1, 3, 10),
(2180, 9, 1, 3, 19),
(2181, 9, 2, 3, 14),
(2182, 9, 1, 3, 14),
(2183, 9, 1, 3, 9),
(2184, 9, 2, 3, 15),
(2185, 9, 1, 3, 17),
(2186, 9, 2, 3, 2),
(2187, 9, 2, 3, 57),
(2188, 9, 1, 3, 18),
(2189, 10, 9, 4, 11),
(2190, 10, 9, 4, 20),
(2191, 10, 9, 4, 8),
(2192, 10, 10, 4, 19),
(2193, 10, 10, 4, 18),
(2194, 10, 10, 4, 6),
(2195, 10, 9, 4, 14),
(2196, 10, 9, 4, 32),
(2197, 10, 9, 4, 3),
(2198, 10, 10, 4, 11),
(2199, 10, 10, 4, 16),
(2200, 10, 10, 4, 12),
(2201, 10, 9, 4, 9),
(2202, 10, 9, 4, 4),
(2203, 10, 9, 4, 26),
(2204, 10, 10, 4, 20),
(2205, 10, 10, 4, 7),
(2206, 10, 10, 4, 9),
(2207, 10, 9, 4, 36),
(2208, 10, 9, 4, 26),
(2209, 10, 9, 4, 4),
(2210, 10, 10, 4, 5),
(2211, 10, 10, 4, 6),
(2212, 10, 10, 4, 20),
(2213, 10, 9, 4, 2),
(2214, 10, 9, 4, 2),
(2215, 10, 9, 4, 22),
(2216, 10, 10, 4, 6),
(2217, 10, 10, 4, 1),
(2218, 10, 10, 4, 15),
(2219, 10, 9, 4, 18),
(2220, 10, 9, 4, 6),
(2221, 10, 9, 4, 36),
(2222, 10, 10, 4, 16),
(2223, 10, 10, 4, 18),
(2224, 10, 10, 4, 1),
(2225, 10, 9, 4, 24),
(2226, 10, 9, 4, 30),
(2227, 10, 9, 4, 4),
(2228, 10, 10, 4, 57),
(2229, 10, 10, 4, 18),
(2230, 10, 10, 4, 15),
(2231, 10, 9, 4, 20),
(2232, 10, 9, 4, 24),
(2233, 10, 9, 4, 14),
(2234, 10, 10, 4, 4),
(2235, 10, 10, 4, 9),
(2236, 10, 10, 4, 39),
(2237, 10, 9, 4, 8),
(2238, 10, 9, 4, 57),
(2239, 10, 9, 4, 34),
(2240, 10, 10, 4, 20),
(2241, 10, 10, 4, 14),
(2242, 10, 10, 4, 17),
(2243, 10, 9, 4, 2),
(2244, 10, 9, 4, 8),
(2245, 10, 10, 4, 28),
(2246, 10, 10, 4, 12),
(2247, 10, 10, 4, 20),
(2248, 10, 9, 4, 19),
(2249, 10, 10, 4, 9),
(2250, 10, 10, 4, 16),
(2251, 10, 10, 4, 11),
(2252, 10, 9, 4, 4),
(2253, 10, 9, 4, 6),
(2254, 10, 10, 4, 19),
(2255, 10, 9, 4, 2),
(2256, 10, 9, 4, 54),
(2257, 10, 10, 4, 24),
(2258, 10, 9, 4, 15),
(2259, 10, 10, 4, 19),
(2260, 10, 9, 4, 10),
(2261, 10, 10, 4, 33),
(2262, 10, 9, 4, 28),
(2263, 10, 10, 4, 13),
(2264, 10, 9, 4, 57),
(2265, 10, 10, 4, 15),
(2266, 10, 9, 4, 17),
(2267, 10, 10, 4, 2),
(2268, 10, 10, 4, 7),
(2269, 10, 9, 4, 3),
(2270, 10, 9, 4, 6),
(2271, 10, 10, 4, 21),
(2272, 10, 9, 4, 24),
(2273, 10, 10, 4, 14),
(2274, 10, 9, 4, 15),
(2275, 10, 10, 4, 3),
(2276, 10, 10, 4, 20),
(2277, 10, 9, 4, 57),
(2278, 10, 10, 4, 34),
(2279, 10, 9, 4, 17),
(2280, 10, 10, 4, 16),
(2281, 10, 9, 4, 11),
(2282, 10, 10, 4, 11),
(2283, 10, 9, 4, 15),
(2284, 10, 10, 4, 8),
(2285, 10, 9, 4, 40),
(2286, 10, 10, 4, 2),
(2287, 10, 10, 4, 12),
(2288, 10, 9, 4, 4),
(2289, 10, 9, 4, 32),
(2290, 10, 10, 4, 34),
(2291, 10, 9, 4, 48),
(2292, 10, 10, 4, 17),
(2293, 10, 9, 4, 9),
(2294, 10, 10, 4, 5),
(2295, 10, 9, 4, 3),
(2296, 10, 9, 4, 14),
(2297, 10, 10, 4, 20),
(2298, 10, 9, 4, 8),
(2299, 10, 10, 4, 18),
(2300, 10, 9, 4, 5),
(2301, 10, 9, 4, 39),
(2302, 10, 10, 4, 30),
(2303, 10, 9, 4, 16),
(2304, 10, 10, 4, 1),
(2305, 10, 10, 4, 2),
(2306, 10, 10, 4, 17),
(2307, 10, 9, 4, 14),
(2308, 10, 10, 4, 12),
(2309, 10, 9, 4, 6),
(2310, 10, 10, 4, 36),
(2311, 10, 9, 4, 12),
(2312, 10, 10, 4, 16),
(2313, 10, 9, 4, 38),
(2314, 10, 10, 4, 11),
(2315, 10, 9, 4, 7),
(2316, 10, 10, 4, 8),
(2317, 10, 9, 4, 4),
(2318, 10, 9, 4, 30),
(2319, 10, 10, 4, 13),
(2320, 10, 9, 4, 18),
(2321, 10, 10, 4, 17),
(2322, 10, 9, 4, 24),
(2323, 10, 10, 4, 18),
(2324, 10, 9, 4, 26),
(2325, 10, 10, 4, 26),
(2326, 10, 9, 4, 22),
(2327, 10, 10, 4, 14),
(2328, 10, 9, 4, 6),
(2329, 10, 10, 4, 19),
(2330, 10, 9, 4, 40),
(2331, 10, 10, 4, 2),
(2332, 10, 10, 4, 10),
(2333, 10, 9, 4, 4),
(2334, 10, 9, 4, 2),
(2335, 10, 10, 4, 4),
(2336, 10, 10, 4, 11),
(2337, 10, 9, 4, 48),
(2338, 10, 10, 4, 14),
(2339, 10, 9, 4, 24),
(2340, 10, 10, 4, 18),
(2341, 10, 9, 4, 8),
(2342, 10, 10, 4, 14),
(2343, 10, 9, 4, 33),
(2344, 10, 10, 4, 16),
(2345, 10, 9, 4, 11),
(2346, 10, 10, 4, 6),
(2347, 10, 9, 4, 39),
(2348, 10, 10, 4, 5),
(2349, 10, 9, 4, 45),
(2350, 10, 10, 4, 48),
(2351, 10, 9, 4, 28),
(2352, 10, 10, 4, 20),
(2353, 10, 9, 4, 7),
(2354, 10, 10, 4, 1),
(2355, 10, 10, 4, 18),
(2356, 10, 9, 4, 3),
(2357, 10, 9, 4, 20),
(2358, 10, 10, 4, 15),
(2359, 10, 9, 4, 27),
(2360, 10, 10, 4, 1),
(2361, 10, 10, 4, 3),
(2362, 10, 10, 4, 3),
(2363, 10, 9, 4, 40),
(2364, 10, 10, 4, 7),
(2365, 10, 9, 4, 20),
(2366, 10, 10, 4, 5),
(2367, 10, 9, 4, 12),
(2368, 10, 10, 4, 14),
(2369, 10, 9, 4, 10),
(2370, 10, 10, 4, 33),
(2371, 10, 9, 4, 6),
(2372, 10, 10, 4, 10),
(2373, 10, 9, 4, 14),
(2374, 10, 10, 4, 32),
(2375, 10, 9, 4, 7),
(2376, 10, 10, 4, 20),
(2377, 10, 9, 4, 54),
(2378, 10, 10, 4, 5),
(2379, 10, 9, 4, 14),
(2380, 10, 10, 4, 20),
(2381, 10, 9, 4, 1),
(2382, 10, 9, 4, 40),
(2383, 10, 10, 4, 1),
(2384, 10, 10, 4, 30),
(2385, 10, 9, 4, 13),
(2386, 10, 10, 4, 11),
(2387, 10, 9, 4, 5),
(2388, 10, 9, 4, 4),
(2389, 10, 10, 4, 12),
(2390, 10, 9, 4, 36),
(2391, 10, 10, 4, 57),
(2392, 10, 9, 4, 34),
(2393, 10, 10, 4, 7),
(2394, 10, 9, 4, 18),
(2395, 10, 10, 4, 14),
(2396, 10, 9, 4, 16),
(2397, 10, 10, 4, 3),
(2398, 10, 10, 4, 42),
(2399, 10, 9, 4, 9),
(2400, 10, 10, 4, 15),
(2401, 10, 9, 4, 22),
(2402, 10, 10, 4, 3),
(2403, 10, 10, 4, 2),
(2404, 10, 9, 4, 8),
(2405, 10, 10, 4, 51),
(2406, 10, 9, 4, 30),
(2407, 10, 10, 4, 5),
(2408, 10, 9, 4, 10),
(2409, 10, 10, 4, 8),
(2410, 10, 9, 4, 40),
(2411, 10, 10, 4, 4),
(2412, 10, 10, 4, 16),
(2413, 10, 9, 4, 1),
(2414, 10, 9, 4, 3),
(2415, 10, 9, 4, 9),
(2416, 10, 10, 4, 17),
(2417, 10, 9, 4, 27),
(2418, 10, 10, 4, 26),
(2419, 10, 9, 4, 28),
(2420, 10, 10, 4, 14),
(2421, 10, 9, 4, 39),
(2422, 10, 10, 4, 2),
(2423, 10, 10, 4, 16),
(2424, 10, 9, 4, 8),
(2425, 10, 10, 4, 16),
(2426, 10, 9, 4, 32),
(2427, 10, 10, 4, 10),
(2428, 10, 9, 4, 51),
(2429, 10, 10, 4, 33),
(2430, 10, 9, 4, 19),
(2431, 10, 10, 4, 18),
(2432, 10, 9, 4, 40),
(2433, 10, 10, 4, 48),
(2434, 10, 9, 4, 10),
(2435, 10, 10, 4, 5),
(2436, 10, 9, 4, 14),
(2437, 10, 10, 4, 10),
(2438, 10, 9, 4, 18),
(2439, 10, 10, 4, 12),
(2440, 10, 9, 4, 15),
(2441, 10, 10, 4, 12),
(2442, 10, 9, 4, 16),
(2443, 10, 10, 4, 20),
(2444, 10, 9, 4, 12),
(2445, 10, 10, 4, 30),
(2446, 10, 9, 4, 39),
(2447, 10, 10, 4, 8),
(2448, 10, 9, 4, 4),
(2449, 10, 9, 4, 28),
(2450, 10, 10, 4, 10),
(2451, 10, 9, 4, 28),
(2452, 10, 10, 4, 4),
(2453, 10, 10, 4, 34),
(2454, 10, 9, 4, 32),
(2455, 10, 10, 4, 13),
(2456, 10, 9, 4, 24),
(2457, 10, 10, 4, 15),
(2458, 10, 9, 4, 18),
(2459, 10, 10, 4, 26),
(2460, 10, 9, 4, 18),
(2461, 10, 10, 4, 21),
(2462, 10, 9, 4, 24),
(2463, 10, 10, 4, 1),
(2464, 10, 10, 4, 2),
(2465, 10, 10, 4, 40),
(2466, 10, 9, 4, 33),
(2467, 10, 10, 4, 34),
(2468, 10, 9, 4, 8),
(2469, 10, 10, 4, 36),
(2470, 10, 9, 4, 13),
(2471, 10, 10, 4, 15),
(2472, 10, 9, 4, 20),
(2473, 10, 10, 4, 18),
(2474, 10, 9, 4, 26),
(2475, 10, 10, 4, 5),
(2476, 10, 9, 4, 20),
(2477, 10, 10, 4, 22),
(2478, 10, 9, 4, 28),
(2479, 10, 10, 4, 17),
(2480, 10, 9, 4, 57),
(2481, 10, 10, 4, 7),
(2482, 10, 9, 4, 6),
(2483, 10, 10, 4, 7),
(2484, 10, 9, 4, 57),
(2485, 10, 10, 4, 16),
(2486, 10, 9, 4, 13),
(2487, 10, 10, 4, 3),
(2488, 10, 10, 4, 8),
(2489, 10, 9, 4, 34),
(2490, 10, 10, 4, 10),
(2491, 10, 9, 4, 8),
(2492, 10, 10, 4, 26),
(2493, 10, 9, 4, 12),
(2494, 10, 10, 4, 5),
(2495, 10, 9, 4, 8),
(2496, 10, 10, 4, 12),
(2497, 10, 9, 4, 2),
(2498, 10, 9, 4, 12),
(2499, 10, 10, 4, 32),
(2500, 10, 9, 4, 9),
(2501, 10, 10, 4, 30),
(2502, 10, 9, 4, 16),
(2503, 10, 10, 4, 17),
(2504, 10, 9, 4, 4),
(2505, 10, 9, 4, 21),
(2506, 10, 10, 4, 8),
(2507, 10, 9, 4, 17),
(2508, 10, 10, 4, 15),
(2509, 10, 9, 4, 30),
(2510, 10, 10, 4, 19),
(2511, 10, 9, 4, 18),
(2512, 10, 10, 4, 10),
(2513, 10, 9, 4, 45),
(2514, 10, 10, 4, 19),
(2515, 10, 9, 4, 4),
(2516, 10, 9, 4, 8),
(2517, 10, 10, 4, 14),
(2518, 10, 9, 4, 22),
(2519, 10, 10, 4, 40),
(2520, 10, 9, 4, 10),
(2521, 10, 10, 4, 17),
(2522, 10, 9, 4, 57),
(2523, 10, 10, 4, 14),
(2524, 10, 9, 4, 34),
(2525, 10, 10, 4, 1),
(2526, 10, 10, 4, 21),
(2527, 10, 9, 4, 18),
(2528, 10, 10, 4, 2),
(2529, 10, 10, 4, 24),
(2530, 10, 9, 4, 16),
(2531, 10, 10, 4, 13),
(2532, 10, 9, 4, 51),
(2533, 10, 10, 4, 11),
(2534, 10, 9, 4, 3),
(2535, 10, 9, 4, 27),
(2536, 10, 10, 4, 7),
(2537, 10, 9, 4, 11),
(2538, 10, 10, 4, 2),
(2539, 10, 10, 4, 18),
(2540, 10, 9, 4, 32),
(2541, 10, 10, 4, 14),
(2542, 10, 9, 4, 20),
(2543, 10, 10, 4, 11),
(2544, 10, 9, 4, 28),
(2545, 10, 10, 4, 14),
(2546, 10, 9, 4, 60),
(2547, 10, 10, 4, 12),
(2548, 10, 9, 4, 2),
(2549, 10, 9, 4, 20),
(2550, 10, 10, 4, 10),
(2551, 10, 9, 4, 15),
(2552, 10, 10, 4, 2),
(2553, 10, 10, 4, 16),
(2554, 10, 9, 4, 38),
(2555, 10, 10, 4, 9),
(2556, 10, 9, 4, 10),
(2557, 10, 10, 4, 3),
(2558, 10, 10, 4, 5),
(2559, 10, 9, 4, 39),
(2560, 10, 10, 4, 20),
(2561, 10, 9, 4, 22),
(2562, 10, 10, 4, 40),
(2563, 10, 9, 4, 16),
(2564, 10, 10, 4, 4),
(2565, 10, 10, 4, 8),
(2566, 10, 9, 4, 10),
(2567, 10, 10, 4, 15),
(2568, 10, 9, 4, 26),
(2569, 10, 10, 4, 36),
(2570, 10, 9, 4, 16),
(2571, 10, 10, 4, 33),
(2572, 10, 9, 4, 30),
(2573, 10, 10, 4, 17),
(2574, 10, 9, 4, 8),
(2575, 10, 10, 4, 5),
(2576, 10, 9, 4, 38),
(2577, 10, 10, 4, 8),
(2578, 10, 9, 4, 60),
(2579, 10, 10, 4, 45),
(2580, 10, 9, 4, 6),
(2581, 10, 10, 4, 16),
(2582, 10, 9, 4, 8),
(2583, 10, 10, 4, 12),
(2584, 10, 9, 4, 24),
(2585, 10, 10, 4, 6),
(2586, 10, 9, 4, 22),
(2587, 10, 10, 4, 16),
(2588, 10, 9, 4, 30),
(2589, 10, 10, 4, 18),
(2590, 10, 9, 4, 38),
(2591, 10, 10, 4, 51),
(2592, 10, 9, 4, 34),
(2593, 10, 10, 4, 15),
(2594, 10, 9, 4, 20),
(2595, 10, 10, 4, 18),
(2596, 10, 9, 4, 48),
(2597, 10, 10, 4, 18),
(2598, 10, 9, 4, 16),
(2599, 10, 10, 4, 17),
(2600, 10, 9, 4, 27),
(2601, 10, 10, 4, 8),
(2602, 10, 9, 4, 12),
(2603, 10, 10, 4, 32),
(2604, 10, 9, 4, 3),
(2605, 10, 9, 4, 6),
(2606, 10, 10, 4, 11),
(2607, 10, 9, 4, 21),
(2608, 10, 10, 4, 20),
(2609, 10, 9, 4, 5),
(2610, 10, 9, 4, 8),
(2611, 10, 10, 4, 5),
(2612, 10, 9, 4, 14),
(2613, 10, 10, 4, 9),
(2614, 10, 9, 4, 16),
(2615, 10, 10, 4, 1),
(2616, 10, 10, 4, 30),
(2617, 10, 9, 4, 57),
(2618, 10, 10, 4, 6),
(2619, 10, 9, 4, 17),
(2620, 10, 10, 4, 20),
(2621, 10, 9, 4, 51),
(2622, 10, 10, 4, 5),
(2623, 10, 9, 4, 4),
(2624, 10, 9, 4, 19),
(2625, 10, 10, 4, 39),
(2626, 10, 9, 4, 4),
(2627, 10, 9, 4, 12),
(2628, 10, 10, 4, 14),
(2629, 10, 9, 4, 18),
(2630, 10, 10, 4, 6),
(2631, 10, 9, 4, 12),
(2632, 10, 10, 4, 17),
(2633, 10, 9, 4, 30),
(2634, 10, 10, 4, 8),
(2635, 10, 9, 4, 33),
(2636, 10, 10, 4, 3),
(2637, 10, 10, 4, 6),
(2638, 10, 9, 4, 48),
(2639, 10, 10, 4, 6),
(2640, 10, 9, 4, 10),
(2641, 10, 10, 4, 8),
(2642, 10, 9, 4, 54),
(2643, 10, 10, 4, 6),
(2644, 10, 9, 4, 30),
(2645, 10, 10, 4, 8),
(2646, 10, 9, 4, 57),
(2647, 10, 10, 4, 17),
(2648, 10, 9, 4, 27),
(2649, 10, 10, 4, 11),
(2650, 10, 9, 4, 9),
(2651, 10, 10, 4, 6),
(2652, 11, 9, 4, 5),
(2653, 11, 9, 4, 22),
(2654, 11, 9, 4, 8),
(2655, 11, 10, 4, 7),
(2656, 11, 10, 4, 10),
(2657, 11, 10, 4, 19),
(2658, 11, 9, 4, 11),
(2659, 11, 9, 4, 12),
(2660, 11, 9, 4, 24),
(2661, 11, 10, 4, 3);
INSERT INTO `throw` (`id`, `legid`, `playerid`, `matchid`, `score`) VALUES
(2662, 11, 10, 4, 12),
(2663, 11, 10, 4, 14),
(2664, 11, 9, 4, 26),
(2665, 11, 9, 4, 34),
(2666, 11, 9, 4, 2),
(2667, 11, 10, 4, 7),
(2668, 11, 10, 4, 38),
(2669, 11, 10, 4, 12),
(2670, 11, 9, 4, 26),
(2671, 11, 9, 4, 20),
(2672, 11, 9, 4, 34),
(2673, 11, 10, 4, 12),
(2674, 11, 10, 4, 21),
(2675, 11, 10, 4, 16),
(2676, 11, 9, 4, 10),
(2677, 11, 9, 4, 10),
(2678, 11, 9, 4, 9),
(2679, 11, 10, 4, 12),
(2680, 11, 10, 4, 34),
(2681, 11, 10, 4, 14),
(2682, 11, 9, 4, 22),
(2683, 11, 9, 4, 32),
(2684, 11, 9, 4, 36),
(2685, 11, 10, 4, 9),
(2686, 11, 10, 4, 10),
(2687, 11, 10, 4, 2),
(2688, 11, 9, 4, 28),
(2689, 11, 9, 4, 13),
(2690, 11, 9, 4, 48),
(2691, 11, 10, 4, 6),
(2692, 11, 10, 4, 14),
(2693, 11, 10, 4, 13),
(2694, 11, 9, 4, 27),
(2695, 11, 9, 4, 8),
(2696, 11, 9, 4, 34),
(2697, 12, 9, 4, 9),
(2698, 12, 9, 4, 34),
(2699, 12, 9, 4, 30),
(2700, 12, 10, 4, 19),
(2701, 12, 10, 4, 17),
(2702, 12, 10, 4, 20),
(2703, 12, 9, 4, 16),
(2704, 12, 9, 4, 3),
(2705, 12, 9, 4, 18),
(2706, 12, 10, 4, 9),
(2707, 12, 10, 4, 1),
(2708, 12, 10, 4, 13),
(2709, 12, 9, 4, 39),
(2710, 12, 9, 4, 30),
(2711, 12, 9, 4, 17),
(2712, 12, 10, 4, 2),
(2713, 12, 10, 4, 8),
(2714, 12, 10, 4, 15),
(2715, 12, 9, 4, 18),
(2716, 12, 9, 4, 12),
(2717, 12, 9, 4, 48),
(2718, 12, 10, 4, 2),
(2719, 12, 10, 4, 26),
(2720, 12, 10, 4, 4),
(2721, 12, 9, 4, 36),
(2722, 12, 9, 4, 2),
(2723, 12, 9, 4, 10),
(2724, 12, 10, 4, 10),
(2725, 12, 10, 4, 39),
(2726, 12, 10, 4, 9),
(2727, 12, 9, 4, 40),
(2728, 12, 9, 4, 54),
(2729, 12, 9, 4, 2),
(2730, 12, 10, 4, 7),
(2731, 12, 10, 4, 15),
(2732, 12, 10, 4, 19),
(2733, 12, 9, 4, 36),
(2734, 12, 9, 4, 11),
(2735, 12, 9, 4, 2),
(2736, 12, 10, 4, 13),
(2737, 12, 10, 4, 3),
(2738, 12, 10, 4, 2),
(2739, 12, 9, 4, 6),
(2740, 12, 9, 4, 13),
(2741, 12, 9, 4, 57),
(2742, 12, 10, 4, 9),
(2743, 12, 10, 4, 17),
(2744, 12, 10, 4, 12),
(2745, 12, 9, 4, 12),
(2746, 12, 9, 4, 42),
(2747, 12, 10, 4, 36),
(2748, 12, 10, 4, 7),
(2749, 12, 10, 4, 12),
(2750, 12, 9, 4, 18),
(2751, 12, 9, 4, 15),
(2752, 12, 10, 4, 14),
(2753, 12, 10, 4, 3),
(2754, 12, 10, 4, 36),
(2755, 12, 9, 4, 24),
(2756, 12, 9, 4, 6),
(2757, 12, 9, 4, 7),
(2758, 12, 10, 4, 1),
(2759, 12, 10, 4, 18),
(2760, 12, 10, 4, 3),
(2761, 12, 9, 4, 8),
(2762, 12, 9, 4, 51),
(2763, 12, 10, 4, 16),
(2764, 12, 10, 4, 10),
(2765, 12, 10, 4, 6),
(2766, 12, 9, 4, 2),
(2767, 12, 9, 4, 28),
(2768, 12, 9, 4, 16),
(2769, 12, 10, 4, 5),
(2770, 12, 10, 4, 19),
(2771, 12, 10, 4, 38),
(2772, 12, 9, 4, 9),
(2773, 12, 9, 4, 18),
(2774, 12, 9, 4, 16),
(2775, 12, 10, 4, 15),
(2776, 12, 10, 4, 28),
(2777, 12, 10, 4, 15),
(2778, 12, 9, 4, 16),
(2779, 12, 9, 4, 21),
(2780, 12, 10, 4, 14),
(2781, 12, 10, 4, 4),
(2782, 12, 10, 4, 11),
(2783, 12, 9, 4, 9),
(2784, 12, 9, 4, 15),
(2785, 12, 9, 4, 32),
(2786, 12, 10, 4, 4),
(2787, 12, 10, 4, 13),
(2788, 12, 10, 4, 30),
(2789, 12, 9, 4, 19),
(2790, 12, 9, 4, 11),
(2791, 12, 9, 4, 18),
(2792, 12, 10, 4, 12),
(2793, 12, 10, 4, 13),
(2794, 12, 9, 4, 26),
(2795, 12, 9, 4, 39),
(2796, 12, 10, 4, 13),
(2797, 12, 10, 4, 57),
(2798, 12, 9, 4, 3),
(2799, 12, 9, 4, 22),
(2800, 12, 9, 4, 10),
(2801, 12, 10, 4, 15),
(2802, 12, 10, 4, 8),
(2803, 12, 9, 4, 4),
(2804, 12, 9, 4, 5),
(2805, 12, 9, 4, 28),
(2806, 12, 10, 4, 12),
(2807, 12, 10, 4, 14),
(2808, 12, 9, 4, 12),
(2809, 12, 9, 4, 10),
(2810, 12, 9, 4, 24),
(2811, 12, 10, 4, 4),
(2812, 12, 10, 4, 10),
(2813, 12, 10, 4, 4),
(2814, 12, 9, 4, 9),
(2815, 12, 9, 4, 10),
(2816, 12, 9, 4, 12),
(2817, 12, 10, 4, 10),
(2818, 12, 10, 4, 12),
(2819, 12, 9, 4, 6),
(2820, 12, 10, 4, 14),
(2821, 12, 10, 4, 11),
(2822, 12, 9, 4, 13),
(2823, 12, 10, 4, 3),
(2824, 12, 10, 4, 12),
(2825, 12, 10, 4, 11),
(2826, 12, 9, 4, 42),
(2827, 12, 10, 4, 6),
(2828, 12, 10, 4, 12),
(2829, 12, 9, 4, 16),
(2830, 12, 10, 4, 40),
(2831, 12, 9, 4, 60),
(2832, 12, 10, 4, 5),
(2833, 12, 10, 4, 26),
(2834, 12, 9, 4, 48),
(2835, 12, 10, 4, 2),
(2836, 12, 10, 4, 20),
(2837, 12, 9, 4, 11),
(2838, 12, 10, 4, 8),
(2839, 12, 10, 4, 10),
(2840, 12, 9, 4, 15),
(2841, 12, 10, 4, 12),
(2842, 12, 10, 4, 51),
(2843, 12, 9, 4, 10),
(2844, 12, 10, 4, 2),
(2845, 12, 10, 4, 9),
(2846, 12, 10, 4, 12),
(2847, 12, 9, 4, 24),
(2848, 12, 10, 4, 8),
(2849, 12, 10, 4, 1),
(2850, 12, 10, 4, 22),
(2851, 12, 9, 4, 26),
(2852, 12, 10, 4, 7),
(2853, 12, 10, 4, 4),
(2854, 12, 10, 4, 18),
(2855, 12, 9, 4, 33),
(2856, 12, 10, 4, 6),
(2857, 12, 10, 4, 7),
(2858, 12, 10, 4, 32),
(2859, 12, 9, 4, 20),
(2860, 12, 10, 4, 8),
(2861, 12, 10, 4, 3),
(2862, 12, 10, 4, 6),
(2863, 12, 9, 4, 27),
(2864, 12, 10, 4, 19),
(2865, 12, 9, 4, 16),
(2866, 12, 10, 4, 18),
(2867, 12, 9, 4, 10),
(2868, 12, 10, 4, 15),
(2869, 12, 9, 4, 38),
(2870, 12, 10, 4, 45),
(2871, 12, 9, 4, 24),
(2872, 12, 10, 4, 8),
(2873, 12, 9, 4, 18),
(2874, 12, 10, 4, 7),
(2875, 12, 9, 4, 38),
(2876, 12, 10, 4, 42),
(2877, 12, 9, 4, 12),
(2878, 12, 10, 4, 14),
(2879, 12, 9, 4, 18),
(2880, 12, 10, 4, 4),
(2881, 12, 9, 4, 30),
(2882, 12, 10, 4, 12),
(2883, 12, 9, 4, 15),
(2884, 12, 10, 4, 2),
(2885, 12, 9, 4, 34),
(2886, 12, 10, 4, 13),
(2887, 12, 9, 4, 30),
(2888, 12, 10, 4, 9),
(2889, 12, 9, 4, 10),
(2890, 12, 10, 4, 16),
(2891, 12, 9, 4, 27),
(2892, 12, 10, 4, 38),
(2893, 12, 9, 4, 38),
(2894, 12, 10, 4, 16),
(2895, 12, 9, 4, 24),
(2896, 12, 10, 4, 9),
(2897, 12, 9, 4, 27),
(2898, 12, 10, 4, 3),
(2899, 12, 9, 4, 12),
(2900, 12, 10, 4, 36),
(2901, 12, 9, 4, 26),
(2902, 12, 10, 4, 14),
(2903, 12, 9, 4, 60),
(2904, 12, 10, 4, 18),
(2905, 12, 9, 4, 60),
(2906, 12, 10, 4, 12),
(2907, 12, 9, 4, 51),
(2908, 12, 10, 4, 2),
(2909, 12, 9, 4, 24),
(2910, 12, 10, 4, 6),
(2911, 12, 9, 4, 26),
(2912, 12, 10, 4, 9),
(2913, 12, 9, 4, 4),
(2914, 12, 10, 4, 4),
(2915, 12, 9, 4, 24),
(2916, 12, 10, 4, 18),
(2917, 12, 9, 4, 12),
(2918, 12, 10, 4, 20),
(2919, 12, 9, 4, 6),
(2920, 12, 10, 4, 10),
(2921, 12, 9, 4, 17),
(2922, 12, 10, 4, 1),
(2923, 12, 9, 4, 57),
(2924, 12, 10, 4, 17),
(2925, 12, 9, 4, 12),
(2926, 12, 10, 4, 17),
(2927, 12, 9, 4, 7),
(2928, 12, 10, 4, 12),
(2929, 12, 9, 4, 10),
(2930, 12, 10, 4, 13),
(2931, 12, 9, 4, 19),
(2932, 12, 10, 4, 12),
(2933, 12, 9, 4, 6),
(2934, 12, 10, 4, 10),
(2935, 12, 9, 4, 28),
(2936, 12, 10, 4, 38),
(2937, 12, 9, 4, 32),
(2938, 12, 10, 4, 7),
(2939, 12, 9, 4, 18),
(2940, 12, 10, 4, 18),
(2941, 12, 9, 4, 7),
(2942, 12, 10, 4, 36),
(2943, 12, 9, 4, 18),
(2944, 12, 10, 4, 24),
(2945, 12, 9, 4, 2),
(2946, 12, 10, 4, 16),
(2947, 12, 9, 4, 6),
(2948, 12, 10, 4, 18),
(2949, 12, 9, 4, 4),
(2950, 12, 10, 4, 20),
(2951, 12, 9, 4, 6),
(2952, 12, 10, 4, 40),
(2953, 12, 9, 4, 12),
(2954, 12, 10, 4, 2),
(2955, 12, 9, 4, 45),
(2956, 12, 10, 4, 12),
(2957, 12, 9, 4, 20),
(2958, 12, 10, 4, 36),
(2959, 12, 9, 4, 4),
(2960, 12, 10, 4, 12),
(2961, 12, 9, 4, 6),
(2962, 12, 10, 4, 60),
(2963, 12, 9, 4, 14),
(2964, 12, 10, 4, 27),
(2965, 12, 9, 4, 36),
(2966, 12, 10, 4, 8),
(2967, 12, 9, 4, 15),
(2968, 12, 10, 4, 42),
(2969, 12, 9, 4, 7),
(2970, 12, 10, 4, 14),
(2971, 12, 9, 4, 34),
(2972, 12, 10, 4, 20),
(2973, 12, 9, 4, 11),
(2974, 12, 10, 4, 24),
(2975, 12, 9, 4, 24),
(2976, 12, 10, 4, 6),
(2977, 12, 9, 4, 8),
(2978, 12, 10, 4, 5),
(2979, 12, 9, 4, 36),
(2980, 12, 10, 4, 16),
(2981, 12, 9, 4, 38),
(2982, 12, 10, 4, 18),
(2983, 12, 9, 4, 26),
(2984, 12, 10, 4, 21),
(2985, 12, 9, 4, 4),
(2986, 12, 10, 4, 2),
(2987, 12, 9, 4, 18),
(2988, 12, 10, 4, 13),
(2989, 12, 9, 4, 12),
(2990, 12, 10, 4, 11),
(2991, 12, 9, 4, 45),
(2992, 12, 10, 4, 3),
(2993, 12, 9, 4, 2),
(2994, 12, 10, 4, 20),
(2995, 12, 9, 4, 18),
(2996, 12, 10, 4, 5),
(2997, 12, 9, 4, 3),
(2998, 12, 10, 4, 20),
(2999, 12, 9, 4, 2),
(3000, 12, 10, 4, 16),
(3001, 12, 9, 4, 54),
(3002, 12, 10, 4, 22),
(3003, 12, 9, 4, 6),
(3004, 12, 10, 4, 5),
(3005, 12, 9, 4, 34),
(3006, 12, 10, 4, 19),
(3007, 12, 9, 4, 16),
(3008, 12, 10, 4, 2),
(3009, 12, 9, 4, 16),
(3010, 12, 10, 4, 18),
(3011, 12, 9, 4, 8),
(3012, 12, 10, 4, 40),
(3013, 12, 9, 4, 12),
(3014, 12, 10, 4, 34),
(3015, 12, 9, 4, 24),
(3016, 12, 10, 4, 1),
(3017, 12, 9, 4, 19),
(3018, 12, 10, 4, 7),
(3019, 12, 9, 4, 33),
(3020, 12, 10, 4, 19),
(3021, 12, 9, 4, 51),
(3022, 12, 10, 4, 10),
(3023, 12, 9, 4, 60),
(3024, 12, 10, 4, 1),
(3025, 12, 9, 4, 17),
(3026, 12, 10, 4, 48),
(3027, 12, 9, 4, 40),
(3028, 12, 10, 4, 2),
(3029, 12, 9, 4, 28),
(3030, 12, 10, 4, 7),
(3031, 12, 9, 4, 1),
(3032, 12, 9, 4, 4),
(3033, 12, 10, 4, 15),
(3034, 12, 9, 4, 3),
(3035, 12, 10, 4, 17),
(3036, 12, 9, 4, 4),
(3037, 12, 10, 4, 1),
(3038, 12, 9, 4, 48),
(3039, 12, 10, 4, 18),
(3040, 12, 9, 4, 48),
(3041, 12, 10, 4, 3),
(3042, 12, 9, 4, 14),
(3043, 12, 10, 4, 14),
(3044, 12, 9, 4, 34),
(3045, 12, 10, 4, 8),
(3046, 12, 9, 4, 6),
(3047, 12, 10, 4, 11),
(3048, 12, 9, 4, 2),
(3049, 12, 10, 4, 9),
(3050, 12, 9, 4, 2),
(3051, 12, 10, 4, 7),
(3052, 12, 9, 4, 30),
(3053, 12, 10, 4, 12),
(3054, 12, 9, 4, 6),
(3055, 12, 10, 4, 10),
(3056, 12, 9, 4, 4),
(3057, 12, 10, 4, 6),
(3058, 12, 9, 4, 10),
(3059, 12, 10, 4, 19),
(3060, 12, 9, 4, 3),
(3061, 12, 10, 4, 30),
(3062, 12, 9, 4, 15),
(3063, 12, 10, 4, 13),
(3064, 12, 9, 4, 14),
(3065, 12, 10, 4, 15),
(3066, 12, 9, 4, 32),
(3067, 12, 10, 4, 6),
(3068, 12, 9, 4, 57),
(3069, 12, 10, 4, 16),
(3070, 12, 9, 4, 4),
(3071, 12, 10, 4, 2),
(3072, 12, 9, 4, 40),
(3073, 12, 10, 4, 13),
(3074, 12, 9, 4, 12),
(3075, 12, 10, 4, 20),
(3076, 12, 9, 4, 21),
(3077, 12, 10, 4, 11),
(3078, 12, 9, 4, 36),
(3079, 12, 10, 4, 42),
(3080, 12, 9, 4, 32),
(3081, 12, 10, 4, 5),
(3082, 12, 9, 4, 12),
(3083, 12, 10, 4, 20),
(3084, 12, 9, 4, 51),
(3085, 12, 10, 4, 15),
(3086, 12, 9, 4, 16),
(3087, 12, 10, 4, 1),
(3088, 12, 9, 4, 18),
(3089, 12, 10, 4, 7),
(3090, 12, 9, 4, 60),
(3091, 12, 10, 4, 2),
(3092, 12, 9, 4, 16),
(3093, 12, 10, 4, 13),
(3094, 12, 9, 4, 10),
(3095, 12, 10, 4, 5),
(3096, 12, 9, 4, 10),
(3097, 12, 10, 4, 10),
(3098, 12, 9, 4, 26),
(3099, 12, 10, 4, 1),
(3100, 12, 9, 4, 18),
(3101, 12, 10, 4, 12),
(3102, 12, 9, 4, 12),
(3103, 12, 10, 4, 16),
(3104, 12, 9, 4, 4),
(3105, 12, 10, 4, 2),
(3106, 12, 9, 4, 26),
(3107, 12, 10, 4, 8),
(3108, 12, 9, 4, 14),
(3109, 12, 10, 4, 42),
(3110, 12, 9, 4, 18),
(3111, 12, 10, 4, 4),
(3112, 12, 9, 4, 60),
(3113, 12, 10, 4, 9),
(3114, 12, 9, 4, 38),
(3115, 12, 10, 4, 18),
(3116, 12, 9, 4, 40),
(3117, 12, 10, 4, 8),
(3118, 12, 9, 4, 13),
(3119, 12, 10, 4, 20),
(3120, 12, 9, 4, 45),
(3121, 12, 10, 4, 20),
(3122, 12, 9, 4, 2),
(3123, 12, 10, 4, 16),
(3124, 12, 9, 4, 16),
(3125, 12, 10, 4, 3),
(3126, 12, 9, 4, 14),
(3127, 12, 10, 4, 22),
(3128, 12, 9, 4, 48),
(3129, 12, 10, 4, 10),
(3130, 12, 9, 4, 27),
(3131, 12, 10, 4, 5),
(3132, 12, 9, 4, 8),
(3133, 12, 10, 4, 14),
(3134, 12, 9, 4, 24),
(3135, 12, 10, 4, 1),
(3136, 12, 9, 4, 18),
(3137, 12, 10, 4, 14),
(3138, 12, 9, 4, 22),
(3139, 12, 10, 4, 4),
(3140, 12, 9, 4, 27),
(3141, 12, 10, 4, 5),
(3142, 12, 9, 4, 38),
(3143, 12, 10, 4, 14),
(3144, 12, 9, 4, 26),
(3145, 12, 10, 4, 17),
(3146, 12, 9, 4, 24),
(3147, 12, 10, 4, 54),
(3148, 12, 9, 4, 10),
(3149, 12, 10, 4, 10),
(3150, 12, 9, 4, 7),
(3151, 12, 10, 4, 24),
(3152, 12, 9, 4, 16),
(3153, 12, 10, 4, 1),
(3154, 12, 9, 4, 3),
(3155, 12, 10, 4, 16),
(3156, 12, 9, 4, 2),
(3157, 12, 10, 4, 6),
(3158, 12, 9, 4, 9),
(3159, 12, 10, 4, 10),
(3160, 12, 9, 4, 26),
(3161, 12, 10, 4, 18),
(3162, 12, 9, 4, 6),
(3163, 12, 10, 4, 24),
(3164, 12, 9, 4, 24),
(3165, 12, 10, 4, 16),
(3166, 12, 9, 4, 12),
(3167, 12, 10, 4, 18),
(3168, 12, 9, 4, 30),
(3169, 12, 10, 4, 3),
(3170, 12, 9, 4, 3),
(3171, 12, 10, 4, 19),
(3172, 12, 9, 4, 14),
(3173, 12, 10, 4, 15),
(3174, 12, 9, 4, 33),
(3175, 12, 10, 4, 2);

--
-- Constraints for dumped tables
--

--
-- Constraints for table `matches`
--
ALTER TABLE `matches`
  ADD CONSTRAINT `matches_ibfk_1` FOREIGN KEY (`firstplayer`) REFERENCES `dartplayers` (`id`) ON DELETE CASCADE ON UPDATE CASCADE,
  ADD CONSTRAINT `matches_ibfk_2` FOREIGN KEY (`secondplayer`) REFERENCES `dartplayers` (`id`) ON DELETE CASCADE ON UPDATE CASCADE,
  ADD CONSTRAINT `matches_ibfk_3` FOREIGN KEY (`firstleg`) REFERENCES `leg` (`id`) ON DELETE CASCADE ON UPDATE CASCADE,
  ADD CONSTRAINT `matches_ibfk_4` FOREIGN KEY (`secondleg`) REFERENCES `leg` (`id`) ON DELETE CASCADE ON UPDATE CASCADE,
  ADD CONSTRAINT `matches_ibfk_5` FOREIGN KEY (`thirdleg`) REFERENCES `leg` (`id`) ON DELETE CASCADE ON UPDATE CASCADE;

--
-- Constraints for table `throw`
--
ALTER TABLE `throw`
  ADD CONSTRAINT `throw_ibfk_1` FOREIGN KEY (`legid`) REFERENCES `leg` (`id`) ON DELETE CASCADE ON UPDATE CASCADE,
  ADD CONSTRAINT `throw_ibfk_2` FOREIGN KEY (`matchid`) REFERENCES `matches` (`id`) ON DELETE CASCADE ON UPDATE CASCADE,
  ADD CONSTRAINT `throw_ibfk_3` FOREIGN KEY (`playerid`) REFERENCES `dartplayers` (`id`) ON DELETE CASCADE ON UPDATE CASCADE;
COMMIT;

/*!40101 SET CHARACTER_SET_CLIENT=@OLD_CHARACTER_SET_CLIENT */;
/*!40101 SET CHARACTER_SET_RESULTS=@OLD_CHARACTER_SET_RESULTS */;
/*!40101 SET COLLATION_CONNECTION=@OLD_COLLATION_CONNECTION */;
